id,LoaiSims,TacVu,SoSim,Gia,Mang,LoaiGia,NamSinh,Anh
1956,,thuong,0522868689,600000,4,,,/default.png
1955,,thuong,0528680079,600000,4,,,/default.png
1954,,thuong,0528679168,600000,4,,,/default.png
1953,,thuong,0528679186,600000,4,,,/default.png
1952,,thuong,0528679199,600000,4,,,/default.png
1951,,thuong,0528679119,600000,4,,,/default.png
1950,,thuong,0528679079,600000,4,,,/default.png
1949,,thuong,0528678838,600000,4,,,/default.png
1948,,thuong,0528678839,600000,4,,,/default.png
1947,,thuong,0528679139,600000,4,,,/default.png
1946,,thuong,0522194686,600000,4,,,/default.png
1945,,thuong,0522400776,600000,4,,,/default.png
1944,,thuong,0522400787,600000,4,,,/default.png
1943,,thuong,0827959597,500000,3,,,/default.png
1942,,thuong,0886020204,500000,3,,,/default.png
1941,,thuong,0835051197,500000,3,,,/default.png
1940,,thuong,0919190739,500000,3,,,/default.png
1939,,thuong,0919082087,500000,3,,,/default.png
1938,,thuong,0919135729,500000,3,,,/default.png
1937,,thuong,0918886651,500000,3,,,/default.png
1936,,thuong,0918545786,500000,3,,,/default.png
1935,,thuong,0918982486,500000,3,,,/default.png
1934,,thuong,0918809866,500000,3,,,/default.png
1933,,thuong,0917333176,500000,3,,,/default.png
1932,,thuong,0911312696,500000,3,,,/default.png
1931,,thuong,0823912579,500000,3,,,/default.png
1930,,thuong,0815865986,500000,3,,,/default.png
1929,,thuong,0823069688,500000,3,,,/default.png
1928,,thuong,0944555078,500000,3,,,/default.png
1927,,thuong,0833123478,500000,3,,,/default.png
1926,,thuong,0845662016,500000,3,,,/default.png
1925,,thuong,0849774776,500000,3,,,/default.png
1924,,thuong,0848386839,500000,3,,,/default.png
1923,,thuong,0916221276,500000,3,,,/default.png
1922,,thuong,0945161319,500000,3,,,/default.png
1921,,thuong,0913333082,500000,3,,,/default.png
1920,,thuong,0941401410,500000,3,,,/default.png
1919,,thuong,0912122153,500000,3,,,/default.png
1918,,thuong,0918452379,600000,3,,,/default.png
1917,,thuong,0912452879,600000,3,,,/default.png
1916,,thuong,0833737837,600000,3,,,/default.png
1915,,thuong,0917487679,600000,3,,,/default.png
1914,,thuong,0916910279,600000,3,,,/default.png
1913,,thuong,0914376579,600000,3,,,/default.png
1912,,thuong,0917023679,600000,3,,,/default.png
1911,,thuong,0911042179,600000,3,,,/default.png
1910,,thuong,0914748879,600000,3,,,/default.png
1909,,thuong,0941434244,600000,3,,,/default.png
1908,,thuong,0812345453,600000,3,,,/default.png
1907,,thuong,0826732019,600000,3,,,/default.png
1906,,thuong,0914964379,600000,3,,,/default.png
1905,,thuong,0917409679,600000,3,,,/default.png
1904,,thuong,0914360707,600000,3,,,/default.png
1903,,thuong,0858857879,600000,3,,,/default.png
1902,,thuong,0859123478,600000,3,,,/default.png
1901,,thuong,0858244447,600000,3,,,/default.png
1900,,thuong,0858484878,600000,3,,,/default.png
1899,,thuong,0832944447,600000,3,,,/default.png
1898,,thuong,0916881358,600000,3,,,/default.png
1897,,thuong,0822033077,600000,3,,,/default.png
1896,,thuong,0855192019,600000,3,,,/default.png
1895,,thuong,0819515615,600000,3,,,/default.png
1894,,thuong,0816784404,600000,3,,,/default.png
1893,,thuong,0835919193,600000,3,,,/default.png
1892,,thuong,0833959597,600000,3,,,/default.png
1891,,thuong,0915431379,600000,3,,,/default.png
1890,,thuong,0848391239,600000,3,,,/default.png
1889,,thuong,0856002018,600000,3,,,/default.png
1888,,thuong,0825662016,600000,3,,,/default.png
1887,,thuong,0916813639,600000,3,,,/default.png
1886,,thuong,0916469883,600000,3,,,/default.png
1885,,thuong,0916558830,600000,3,,,/default.png
1884,,thuong,0916575651,600000,3,,,/default.png
1883,,thuong,0916593363,600000,3,,,/default.png
1882,,thuong,0916432654,600000,3,,,/default.png
1881,,thuong,0916215415,600000,3,,,/default.png
1880,,thuong,0916209883,600000,3,,,/default.png
1879,,thuong,0916390809,600000,3,,,/default.png
1878,,thuong,0916130915,600000,3,,,/default.png
1877,,thuong,0916142454,600000,3,,,/default.png
1876,,thuong,0916411237,600000,3,,,/default.png
1875,,thuong,0916676589,600000,3,,,/default.png
1874,,thuong,0834133668,600000,3,,,/default.png
1873,,thuong,0823911123,600000,3,,,/default.png
1872,,thuong,0833388821,600000,3,,,/default.png
1871,,thuong,0911086579,600000,3,,,/default.png
1870,,thuong,0837938389,600000,3,,,/default.png
1869,,thuong,0826332018,600000,3,,,/default.png
1868,,thuong,0824708886,600000,3,,,/default.png
1867,,thuong,0817232223,600000,3,,,/default.png
1866,,thuong,0816662224,600000,3,,,/default.png
1865,,thuong,0825131314,600000,3,,,/default.png
1864,,thuong,0836998878,600000,3,,,/default.png
1863,,thuong,0816383836,600000,3,,,/default.png
1862,,thuong,0859111012,600000,3,,,/default.png
1861,,thuong,0916074770,600000,3,,,/default.png
1860,,thuong,0846782012,600000,3,,,/default.png
1859,,thuong,0941707478,600000,3,,,/default.png
1858,,thuong,0915327572,600000,3,,,/default.png
1857,,thuong,0915345593,600000,3,,,/default.png
1856,,thuong,0916127579,600000,3,,,/default.png
1855,,thuong,0915508336,600000,3,,,/default.png
1854,,thuong,0915567404,600000,3,,,/default.png
1853,,thuong,0886533677,600000,3,,,/default.png
1852,,thuong,0848787078,600000,3,,,/default.png
1851,,thuong,0833346663,600000,3,,,/default.png
1850,,thuong,0833318880,600000,3,,,/default.png
1849,,thuong,0948433379,600000,3,,,/default.png
1848,,thuong,0888295925,600000,3,,,/default.png
1847,,thuong,0847292012,600000,3,,,/default.png
1846,,thuong,0833195198,600000,3,,,/default.png
1845,,thuong,0843707078,600000,3,,,/default.png
1844,,thuong,0812383837,600000,3,,,/default.png
1843,,thuong,0824777199,600000,3,,,/default.png
1842,,thuong,0944999377,650000,3,,,/default.png
1841,,thuong,0842004008,700000,3,,,/default.png
1840,,thuong,0911237737,700000,3,,,/default.png
1839,,thuong,0837633368,700000,3,,,/default.png
1838,,thuong,0829777279,700000,3,,,/default.png
1837,,thuong,0858386279,700000,3,,,/default.png
1836,,thuong,0854755799,700000,3,,,/default.png
1835,,thuong,0825858679,700000,3,,,/default.png
1834,,thuong,0853012239,700000,3,,,/default.png
1833,,thuong,0916093938,700000,3,,,/default.png
1832,,thuong,0916116653,700000,3,,,/default.png
1831,,thuong,0912960626,700000,3,,,/default.png
1830,,thuong,0912981535,700000,3,,,/default.png
1829,,thuong,0916095009,700000,3,,,/default.png
1828,,thuong,0842656468,700000,3,,,/default.png
1827,,thuong,0915164179,700000,3,,,/default.png
1826,,thuong,0888023116,700000,3,,,/default.png
1825,,thuong,0888277533,700000,3,,,/default.png
1824,,thuong,0888302636,700000,3,,,/default.png
1823,,thuong,0888304804,700000,3,,,/default.png
1822,,thuong,0888919050,700000,3,,,/default.png
1821,,thuong,0888070363,700000,3,,,/default.png
1820,,thuong,0888016468,700000,3,,,/default.png
1819,,thuong,0888010949,700000,3,,,/default.png
1818,,thuong,0888272826,700000,3,,,/default.png
1817,,thuong,0888266086,700000,3,,,/default.png
1816,,thuong,0888232127,700000,3,,,/default.png
1815,,thuong,0888261739,700000,3,,,/default.png
1814,,thuong,0888216269,700000,3,,,/default.png
1813,,thuong,0888261768,700000,3,,,/default.png
1812,,thuong,0888233589,700000,3,,,/default.png
1811,,thuong,0888301683,700000,3,,,/default.png
1810,,thuong,0888303439,700000,3,,,/default.png
1809,,thuong,0888201231,700000,3,,,/default.png
1808,,thuong,0888281125,700000,3,,,/default.png
1807,,thuong,0888213253,700000,3,,,/default.png
1806,,thuong,0888305119,700000,3,,,/default.png
1805,,thuong,0888036306,700000,3,,,/default.png
1804,,thuong,0828018234,700000,3,,,/default.png
1803,,thuong,0848949498,700000,3,,,/default.png
1802,,thuong,0941973975,700000,3,,,/default.png
1801,,thuong,0858818158,700000,3,,,/default.png
1800,,thuong,0857776786,700000,3,,,/default.png
1799,,thuong,0839646664,700000,3,,,/default.png
1798,,thuong,0853787877,700000,3,,,/default.png
1797,,thuong,0817176177,700000,3,,,/default.png
1796,,thuong,0913030996,700000,3,,,/default.png
1795,,thuong,0916141611,700000,3,,,/default.png
1794,,thuong,0856012377,700000,3,,,/default.png
1793,,thuong,0916571279,700000,3,,,/default.png
1792,,thuong,0886115986,700000,3,,,/default.png
1791,,thuong,0886087287,700000,3,,,/default.png
1790,,thuong,0886164123,700000,3,,,/default.png
1789,,thuong,0886089188,700000,3,,,/default.png
1788,,thuong,0886030223,700000,3,,,/default.png
1787,,thuong,0886122129,700000,3,,,/default.png
1786,,thuong,0812323479,700000,3,,,/default.png
1785,,thuong,0816456778,700000,3,,,/default.png
1784,,thuong,0822395679,700000,3,,,/default.png
1783,,thuong,0886066880,800000,3,,,/default.png
1782,,thuong,0886770771,800000,3,,,/default.png
1781,,thuong,0886273282,800000,3,,,/default.png
1780,,thuong,0886280212,800000,3,,,/default.png
1779,,thuong,0886280382,800000,3,,,/default.png
1778,,thuong,0886552488,800000,3,,,/default.png
1777,,thuong,0916788661,800000,3,,,/default.png
1776,,thuong,0914519078,800000,3,,,/default.png
1775,,thuong,0916999813,800000,3,,,/default.png
1774,,thuong,0917177784,800000,3,,,/default.png
1773,,thuong,0823456714,800000,3,,,/default.png
1772,,thuong,0823456754,800000,3,,,/default.png
1771,,thuong,0915812391,800000,3,,,/default.png
1770,,thuong,0915497886,800000,3,,,/default.png
1769,,thuong,0855061239,800000,3,,,/default.png
1768,,thuong,0856288939,800000,3,,,/default.png
1767,,thuong,0944555078,800000,3,,,/default.png
1766,,thuong,0912330102,800000,3,,,/default.png
1765,,thuong,0913575163,800000,3,,,/default.png
1764,,thuong,0913574982,800000,3,,,/default.png
1763,,thuong,0913571460,800000,3,,,/default.png
1762,,thuong,0913539221,800000,3,,,/default.png
1761,,thuong,0913471299,800000,3,,,/default.png
1760,,thuong,0913450285,800000,3,,,/default.png
1759,,thuong,0913459907,800000,3,,,/default.png
1758,,thuong,0913459117,800000,3,,,/default.png
1757,,thuong,0913459730,800000,3,,,/default.png
1756,,thuong,0913458059,800000,3,,,/default.png
1755,,thuong,0913452825,800000,3,,,/default.png
1754,,thuong,0913461262,800000,3,,,/default.png
1753,,thuong,0913480393,800000,3,,,/default.png
1752,,thuong,0913394877,800000,3,,,/default.png
1751,,thuong,0913515711,800000,3,,,/default.png
1750,,thuong,0913518525,800000,3,,,/default.png
1749,,thuong,0913512372,800000,3,,,/default.png
1748,,thuong,0913400092,800000,3,,,/default.png
1747,,thuong,0913380272,800000,3,,,/default.png
1746,,thuong,0913428252,800000,3,,,/default.png
1745,,thuong,0913651577,800000,3,,,/default.png
1744,,thuong,0913579372,800000,3,,,/default.png
1743,,thuong,0913490997,800000,3,,,/default.png
1742,,thuong,0913436335,800000,3,,,/default.png
1741,,thuong,0913481479,800000,3,,,/default.png
1740,,thuong,0913653090,800000,3,,,/default.png
1739,,thuong,0913572938,800000,3,,,/default.png
1738,,thuong,0913572331,800000,3,,,/default.png
1737,,thuong,0913554008,800000,3,,,/default.png
1736,,thuong,0913870131,800000,3,,,/default.png
1735,,thuong,0913549876,800000,3,,,/default.png
1734,,thuong,0913524585,800000,3,,,/default.png
1733,,thuong,0914437639,800000,3,,,/default.png
1732,,thuong,0914454661,800000,3,,,/default.png
1731,,thuong,0912717798,800000,3,,,/default.png
1730,,thuong,0914445085,800000,3,,,/default.png
1729,,thuong,0912733390,800000,3,,,/default.png
1728,,thuong,0912744112,800000,3,,,/default.png
1727,,thuong,0914443285,800000,3,,,/default.png
1726,,thuong,0912676030,800000,3,,,/default.png
1725,,thuong,0912711004,800000,3,,,/default.png
1724,,thuong,0914456876,800000,3,,,/default.png
1723,,thuong,0912301336,800000,3,,,/default.png
1722,,thuong,0914120242,800000,3,,,/default.png
1721,,thuong,0914080131,800000,3,,,/default.png
1720,,thuong,0914070448,800000,3,,,/default.png
1719,,thuong,0912660680,800000,3,,,/default.png
1718,,thuong,0913733172,800000,3,,,/default.png
1717,,thuong,0913879212,800000,3,,,/default.png
1716,,thuong,0913888561,800000,3,,,/default.png
1715,,thuong,0913887192,800000,3,,,/default.png
1714,,thuong,0913909844,800000,3,,,/default.png
1713,,thuong,0913939782,800000,3,,,/default.png
1712,,thuong,0913934734,800000,3,,,/default.png
1711,,thuong,0913687973,800000,3,,,/default.png
1710,,thuong,0913657080,800000,3,,,/default.png
1709,,thuong,0913717445,800000,3,,,/default.png
1708,,thuong,0913957996,800000,3,,,/default.png
1707,,thuong,0912577114,800000,3,,,/default.png
1706,,thuong,0912570127,800000,3,,,/default.png
1705,,thuong,0912442223,800000,3,,,/default.png
1704,,thuong,0914273393,800000,3,,,/default.png
1703,,thuong,0911985981,800000,3,,,/default.png
1702,,thuong,0911982981,800000,3,,,/default.png
1701,,thuong,0911980798,800000,3,,,/default.png
1700,,thuong,0911971497,800000,3,,,/default.png
1699,,thuong,0914301269,800000,3,,,/default.png
1698,,thuong,0911933459,800000,3,,,/default.png
1697,,thuong,0912224110,800000,3,,,/default.png
1696,,thuong,0912227133,800000,3,,,/default.png
1695,,thuong,0912122276,800000,3,,,/default.png
1694,,thuong,0913765492,800000,3,,,/default.png
1693,,thuong,0914330069,800000,3,,,/default.png
1692,,thuong,0914343531,800000,3,,,/default.png
1691,,thuong,0914357902,800000,3,,,/default.png
1690,,thuong,0914330539,800000,3,,,/default.png
1689,,thuong,0914414645,800000,3,,,/default.png
1688,,thuong,0912163116,800000,3,,,/default.png
1687,,thuong,0912098993,800000,3,,,/default.png
1686,,thuong,0912181464,800000,3,,,/default.png
1685,,thuong,0845858679,800000,3,,,/default.png
1684,,thuong,0815869586,800000,3,,,/default.png
1683,,thuong,0849749668,800000,3,,,/default.png
1682,,thuong,0844280868,800000,3,,,/default.png
1681,,thuong,0842277668,800000,3,,,/default.png
1680,,thuong,0823069688,800000,3,,,/default.png
1679,,thuong,0823912579,800000,3,,,/default.png
1678,,thuong,0845209979,800000,3,,,/default.png
1677,,thuong,0843341668,800000,3,,,/default.png
1676,,thuong,0845682168,800000,3,,,/default.png
1675,,thuong,0842142686,800000,3,,,/default.png
1674,,thuong,0911999847,800000,3,,,/default.png
1673,,thuong,0889415558,800000,3,,,/default.png
1672,,thuong,0812342347,800000,3,,,/default.png
1671,,thuong,0915703753,800000,3,,,/default.png
1670,,thuong,0915664660,800000,3,,,/default.png
1669,,thuong,0917949299,900000,3,,,/default.png
1668,,thuong,0941678478,950000,3,,,/default.png
1667,,thuong,0845091985,1100000,3,,,/default.png
1666,,thuong,0886662210,1200000,3,,,/default.png
1665,,thuong,0945211244,1200000,3,,,/default.png
1664,,thuong,0913122443,1200000,3,,,/default.png
1663,,thuong,0913138280,1200000,3,,,/default.png
1662,,thuong,0912763978,1200000,3,,,/default.png
1661,,thuong,0912677353,1200000,3,,,/default.png
1660,,thuong,0912784349,1200000,3,,,/default.png
1659,,thuong,0913015377,1200000,3,,,/default.png
1658,,thuong,0911270474,1200000,3,,,/default.png
1657,,thuong,0911177464,1200000,3,,,/default.png
1656,,thuong,0911408373,1200000,3,,,/default.png
1655,,thuong,0943777178,1200000,3,,,/default.png
1654,,thuong,0944129996,1200000,3,,,/default.png
1653,,thuong,0888645745,1200000,3,,,/default.png
1652,,thuong,0945340879,1200000,3,,,/default.png
1651,,thuong,0911784579,1200000,3,,,/default.png
1650,,thuong,0946083768,1200000,3,,,/default.png
1649,,thuong,0947672479,1200000,3,,,/default.png
1648,,thuong,0944691079,1200000,3,,,/default.png
1647,,thuong,0946560479,1200000,3,,,/default.png
1646,,thuong,0852872008,1200000,3,,,/default.png
1645,,thuong,0847268345,1200000,3,,,/default.png
1644,,thuong,0849168345,1200000,3,,,/default.png
1643,,thuong,0832279568,1200000,3,,,/default.png
1642,,thuong,0813386456,1200000,3,,,/default.png
1641,,thuong,0858286456,1200000,3,,,/default.png
1640,,thuong,0857868345,1200000,3,,,/default.png
1639,,thuong,0812168345,1200000,3,,,/default.png
1638,,thuong,0846668345,1200000,3,,,/default.png
1637,,thuong,0819368456,1200000,3,,,/default.png
1636,,thuong,0849126456,1200000,3,,,/default.png
1635,,thuong,0819868345,1200000,3,,,/default.png
1634,,thuong,0849186456,1200000,3,,,/default.png
1633,,thuong,0849268456,1200000,3,,,/default.png
1632,,thuong,0814268456,1200000,3,,,/default.png
1631,,thuong,0886323424,1200000,3,,,/default.png
1630,,thuong,0945690101,1200000,3,,,/default.png
1629,,thuong,0842997989,1200000,3,,,/default.png
1628,,thuong,0844119191,1200000,3,,,/default.png
1627,,thuong,0814386456,1200000,3,,,/default.png
1626,,thuong,0947008379,1200000,3,,,/default.png
1625,,thuong,0917867771,1200000,3,,,/default.png
1624,,thuong,0948033679,1200000,3,,,/default.png
1623,,thuong,0886592456,1200000,3,,,/default.png
1622,,thuong,0886327456,1200000,3,,,/default.png
1621,,thuong,0886524345,1200000,3,,,/default.png
1620,,thuong,0886387345,1200000,3,,,/default.png
1619,,thuong,0886447345,1200000,3,,,/default.png
1618,,thuong,0947345586,1200000,3,,,/default.png
1617,,thuong,0946314279,1200000,3,,,/default.png
1616,,thuong,0945058479,1200000,3,,,/default.png
1615,,thuong,0941011579,1200000,3,,,/default.png
1614,,thuong,0943316579,1200000,3,,,/default.png
1613,,thuong,0945584279,1200000,3,,,/default.png
1612,,thuong,0944961179,1200000,3,,,/default.png
1611,,thuong,0948967579,1200000,3,,,/default.png
1610,,thuong,0947463679,1200000,3,,,/default.png
1609,,thuong,0941813179,1200000,3,,,/default.png
1608,,thuong,0942518179,1200000,3,,,/default.png
1607,,thuong,0949625379,1200000,3,,,/default.png
1606,,thuong,0944584579,1200000,3,,,/default.png
1605,,thuong,0941824679,1200000,3,,,/default.png
1604,,thuong,0949572079,1200000,3,,,/default.png
1603,,thuong,0944359179,1200000,3,,,/default.png
1602,,thuong,0942473279,1200000,3,,,/default.png
1601,,thuong,0944610679,1200000,3,,,/default.png
1600,,thuong,0941107379,1200000,3,,,/default.png
1599,,thuong,0945678157,1200000,3,,,/default.png
1598,,thuong,0941755879,1200000,3,,,/default.png
1597,,thuong,0941729879,1200000,3,,,/default.png
1596,,thuong,0947712879,1200000,3,,,/default.png
1595,,thuong,0946924179,1200000,3,,,/default.png
1594,,thuong,0948526068,1200000,3,,,/default.png
1593,,thuong,0949160068,1200000,3,,,/default.png
1592,,thuong,0945614068,1200000,3,,,/default.png
1591,,thuong,0949477168,1200000,3,,,/default.png
1590,,thuong,0947884768,1200000,3,,,/default.png
1589,,thuong,0941341768,1200000,3,,,/default.png
1588,,thuong,0943075968,1200000,3,,,/default.png
1587,,thuong,0948440368,1200000,3,,,/default.png
1586,,thuong,0947657168,1200000,3,,,/default.png
1585,,thuong,0944691068,1200000,3,,,/default.png
1584,,thuong,0947064968,1200000,3,,,/default.png
1583,,thuong,0941580886,1200000,3,,,/default.png
1582,,thuong,0945350468,1200000,3,,,/default.png
1581,,thuong,0947389268,1200000,3,,,/default.png
1580,,thuong,0948106279,1200000,3,,,/default.png
1579,,thuong,0949135986,1200000,3,,,/default.png
1578,,thuong,0942518968,1200000,3,,,/default.png
1577,,thuong,0948873779,1200000,3,,,/default.png
1576,,thuong,0916789376,1200000,3,,,/default.png
1575,,thuong,0913777276,1200000,3,,,/default.png
1574,,thuong,0828222088,1200000,3,,,/default.png
1573,,thuong,0912888770,1200000,3,,,/default.png
1572,,thuong,0919458879,1200000,3,,,/default.png
1571,,thuong,0917999519,1200000,3,,,/default.png
1570,,thuong,0911100048,1200000,3,,,/default.png
1569,,thuong,0917777816,1200000,3,,,/default.png
1568,,thuong,0852012369,1200000,3,,,/default.png
1567,,thuong,0919256079,1200000,3,,,/default.png
1566,,thuong,0917844379,1200000,3,,,/default.png
1565,,thuong,0916451879,1200000,3,,,/default.png
1564,,thuong,0911498179,1200000,3,,,/default.png
1563,,thuong,0911499079,1200000,3,,,/default.png
1562,,thuong,0911401879,1200000,3,,,/default.png
1561,,thuong,0848828567,1200000,3,,,/default.png
1560,,thuong,0945667861,1200000,3,,,/default.png
1559,,thuong,0945677012,1200000,3,,,/default.png
1558,,thuong,0949382786,1200000,3,,,/default.png
1557,,thuong,0949052995,1200000,3,,,/default.png
1556,,thuong,0949005131,1200000,3,,,/default.png
1555,,thuong,0886197889,1200000,3,,,/default.png
1554,,thuong,0886208078,1200000,3,,,/default.png
1553,,thuong,0886203767,1200000,3,,,/default.png
1552,,thuong,0886212404,1200000,3,,,/default.png
1551,,thuong,0886699554,1200000,3,,,/default.png
1550,,thuong,0886196883,1200000,3,,,/default.png
1549,,thuong,0886193468,1200000,3,,,/default.png
1548,,thuong,0886060398,1200000,3,,,/default.png
1547,,thuong,0886072027,1200000,3,,,/default.png
1546,,thuong,0917288910,1200000,3,,,/default.png
1545,,thuong,0886074439,1200000,3,,,/default.png
1544,,thuong,0886250345,1200000,3,,,/default.png
1543,,thuong,0886194168,1200000,3,,,/default.png
1542,,thuong,0886249139,1200000,3,,,/default.png
1541,,thuong,0886249239,1200000,3,,,/default.png
1540,,thuong,0886238248,1200000,3,,,/default.png
1539,,thuong,0911445700,1200000,3,,,/default.png
1538,,thuong,0911335523,1200000,3,,,/default.png
1537,,thuong,0911164311,1200000,3,,,/default.png
1536,,thuong,0911445922,1200000,3,,,/default.png
1535,,thuong,0911312696,1200000,3,,,/default.png
1534,,thuong,0911239121,1200000,3,,,/default.png
1533,,thuong,0911222463,1200000,3,,,/default.png
1532,,thuong,0911317315,1200000,3,,,/default.png
1531,,thuong,0911252660,1200000,3,,,/default.png
1530,,thuong,0911365090,1200000,3,,,/default.png
1529,,thuong,0949409747,1200000,3,,,/default.png
1528,,thuong,0948111417,1200000,3,,,/default.png
1527,,thuong,0948762357,1200000,3,,,/default.png
1526,,thuong,0912496339,1200000,3,,,/default.png
1525,,thuong,0889939178,1200000,3,,,/default.png
1524,,thuong,0886050779,1200000,3,,,/default.png
1523,,thuong,0913317479,1200000,3,,,/default.png
1522,,thuong,0914283279,1200000,3,,,/default.png
1521,,thuong,0915681591,1500000,3,,,/default.png
1520,,thuong,0915658252,1500000,3,,,/default.png
1519,,thuong,0915979712,1500000,3,,,/default.png
1518,,thuong,0917851575,1500000,3,,,/default.png
1517,,thuong,0917868624,1500000,3,,,/default.png
1516,,thuong,0917891592,1500000,3,,,/default.png
1515,,thuong,0917920003,1500000,3,,,/default.png
1514,,thuong,0918009024,1500000,3,,,/default.png
1513,,thuong,0917997984,1500000,3,,,/default.png
1512,,thuong,0947162399,1500000,3,,,/default.png
1511,,thuong,0949686295,1500000,3,,,/default.png
1510,,thuong,0949955182,1500000,3,,,/default.png
1509,,thuong,0948848872,1500000,3,,,/default.png
1508,,thuong,0946686079,1500000,3,,,/default.png
1507,,thuong,0941523379,1500000,3,,,/default.png
1506,,thuong,0947088179,1500000,3,,,/default.png
1505,,thuong,0942246968,1500000,3,,,/default.png
1504,,thuong,0886108879,2500000,3,,,/default.png
1503,,thuong,0886340345,2500000,3,,,/default.png
1502,,thuong,0822340789,2500000,3,,,/default.png
1501,,thuong,0812945345,2500000,3,,,/default.png
1500,,thuong,0859041985,2500000,3,,,/default.png
1499,,thuong,0942874179,2500000,3,,,/default.png
1498,,thuong,0827779568,2500000,3,,,/default.png
1497,,thuong,0849725555,3500000,3,,,/default.png
1496,,thuong,0818298789,4000000,3,,,/default.png
1495,,thuong,0845883338,4000000,3,,,/default.png
1494,,thuong,0845550077,4000000,3,,,/default.png
1493,,thuong,0847887789,4000000,3,,,/default.png
1492,,thuong,0846899789,4000000,3,,,/default.png
1491,,thuong,0848000080,5000000,3,,,/default.png
1490,,thuong,0949441368,500000,3,,,/default.png
1489,,thuong,0941053939,500000,3,,,/default.png
1488,,thuong,0889877877,500000,3,,,/default.png
1487,,thuong,0889679898,500000,3,,,/default.png
1486,,thuong,0916053565,500000,3,,,/default.png
1485,,thuong,0918072049,500000,3,,,/default.png
1484,,thuong,0911511817,500000,3,,,/default.png
1483,,thuong,0913137794,500000,3,,,/default.png
1482,,thuong,0915744996,500000,3,,,/default.png
1481,,thuong,0914838331,500000,3,,,/default.png
1480,,thuong,0912441882,500000,3,,,/default.png
1479,,thuong,0917211767,500000,3,,,/default.png
1478,,thuong,0914473334,500000,3,,,/default.png
1477,,thuong,0911558890,500000,3,,,/default.png
1476,,thuong,0911447732,500000,3,,,/default.png
1475,,thuong,0919853478,500000,3,,,/default.png
1474,,thuong,0911647786,500000,3,,,/default.png
1473,,thuong,0917800595,500000,3,,,/default.png
1472,,thuong,0917634086,500000,3,,,/default.png
1471,,thuong,0911314478,500000,3,,,/default.png
1470,,thuong,0917116486,500000,3,,,/default.png
1469,,thuong,0911355990,500000,3,,,/default.png
1468,,thuong,0919898221,500000,3,,,/default.png
1467,,thuong,0916737971,500000,3,,,/default.png
1466,,thuong,0918817191,500000,3,,,/default.png
1465,,thuong,0915558223,500000,3,,,/default.png
1464,,thuong,0911330995,500000,3,,,/default.png
1463,,thuong,0911607767,500000,3,,,/default.png
1462,,thuong,0914788200,500000,3,,,/default.png
1461,,thuong,0943146164,500000,3,,,/default.png
1460,,thuong,0912155114,500000,3,,,/default.png
1459,,thuong,0911799389,500000,3,,,/default.png
1458,,thuong,0911655007,500000,3,,,/default.png
1457,,thuong,0916866551,500000,3,,,/default.png
1456,,thuong,0913456291,500000,3,,,/default.png
1455,,thuong,0911965956,500000,3,,,/default.png
1454,,thuong,0911004252,500000,3,,,/default.png
1453,,thuong,0912220322,500000,3,,,/default.png
1452,,thuong,0917693078,500000,3,,,/default.png
1451,,thuong,0911118874,500000,3,,,/default.png
1450,,thuong,0917028802,500000,3,,,/default.png
1449,,thuong,0917055443,500000,3,,,/default.png
1448,,thuong,0911279002,500000,3,,,/default.png
1447,,thuong,0917792386,500000,3,,,/default.png
1446,,thuong,0819160395,500000,3,,,/default.png
1445,,thuong,0837050383,500000,3,,,/default.png
1444,,thuong,0857140696,500000,3,,,/default.png
1443,,thuong,0819120298,500000,3,,,/default.png
1442,,thuong,0812021091,500000,3,,,/default.png
1441,,thuong,0819200296,500000,3,,,/default.png
1440,,thuong,0814130292,500000,3,,,/default.png
1439,,thuong,0822081183,500000,3,,,/default.png
1438,,thuong,0836230889,500000,3,,,/default.png
1437,,thuong,0835031098,500000,3,,,/default.png
1436,,thuong,0835070195,500000,3,,,/default.png
1435,,thuong,0835081291,500000,3,,,/default.png
1434,,thuong,0835090497,500000,3,,,/default.png
1433,,thuong,0834010390,500000,3,,,/default.png
1432,,thuong,0832141097,500000,3,,,/default.png
1431,,thuong,0819200396,500000,3,,,/default.png
1430,,thuong,0835010492,500000,3,,,/default.png
1429,,thuong,0889878778,500000,3,,,/default.png
1428,,thuong,0889379777,500000,3,,,/default.png
1427,,thuong,0911345224,500000,3,,,/default.png
1426,,thuong,0945672017,500000,3,,,/default.png
1425,,thuong,0915784768,500000,3,,,/default.png
1424,,thuong,0914575975,500000,3,,,/default.png
1423,,thuong,0916873079,500000,3,,,/default.png
1422,,thuong,0913581486,500000,3,,,/default.png
1421,,thuong,0915036079,500000,3,,,/default.png
1420,,thuong,0916494186,500000,3,,,/default.png
1419,,thuong,0916316479,500000,3,,,/default.png
1418,,thuong,0917593586,500000,3,,,/default.png
1417,,thuong,0917642968,500000,3,,,/default.png
1416,,thuong,0911561468,500000,3,,,/default.png
1415,,thuong,0911615368,500000,3,,,/default.png
1414,,thuong,0919053479,500000,3,,,/default.png
1413,,thuong,0832959596,500000,3,,,/default.png
1412,,thuong,0913715456,500000,3,,,/default.png
1411,,thuong,0947878012,500000,3,,,/default.png
1410,,thuong,0911180494,500000,3,,,/default.png
1409,,thuong,0886727978,500000,3,,,/default.png
1408,,thuong,0886181877,500000,3,,,/default.png
1407,,thuong,0839827474,500000,3,,,/default.png
1406,,thuong,0886138339,500000,3,,,/default.png
1405,,thuong,0886035579,500000,3,,,/default.png
1404,,thuong,0886057686,500000,3,,,/default.png
1403,,thuong,0886179939,500000,3,,,/default.png
1402,,thuong,0919177986,500000,3,,,/default.png
1401,,thuong,0918093234,500000,3,,,/default.png
1400,,thuong,0918943947,500000,3,,,/default.png
1399,,thuong,0334567127,500000,1,,,/default.png
1398,,thuong,0963456478,500000,1,,,/default.png
1397,,thuong,0968781117,500000,1,,,/default.png
1396,,thuong,0334567120,600000,1,,,/default.png
1395,,thuong,0337302678,600000,1,,,/default.png
1394,,thuong,0383833800,600000,1,,,/default.png
1393,,thuong,0363800833,700000,1,,,/default.png
1392,,thuong,0392919892,700000,1,,,/default.png
1391,,thuong,0862167177,700000,1,,,/default.png
1390,,thuong,0961610910,700000,1,,,/default.png
1389,,thuong,0984397227,700000,1,,,/default.png
1388,,thuong,0961610181,700000,1,,,/default.png
1387,,thuong,0983249949,700000,1,,,/default.png
1386,,thuong,0961611151,700000,1,,,/default.png
1385,,thuong,0961611171,700000,1,,,/default.png
1384,,thuong,0961611141,700000,1,,,/default.png
1383,,thuong,0977436556,700000,1,,,/default.png
1382,,thuong,0977837667,700000,1,,,/default.png
1381,,thuong,0373408000,700000,1,,,/default.png
1380,,thuong,0344326345,700000,1,,,/default.png
1379,,thuong,0375187456,700000,1,,,/default.png
1378,,thuong,0354458789,700000,1,,,/default.png
1377,,thuong,0378537678,700000,1,,,/default.png
1376,,thuong,0353688389,700000,1,,,/default.png
1375,,thuong,0378678912,700000,1,,,/default.png
1374,,thuong,0368532539,700000,1,,,/default.png
1373,,thuong,0395789878,700000,1,,,/default.png
1372,,thuong,0961084343,700000,1,,,/default.png
1371,,thuong,0347567891,700000,1,,,/default.png
1370,,thuong,0971317717,700000,1,,,/default.png
1369,,thuong,0971710393,700000,1,,,/default.png
1368,,thuong,0973344494,700000,1,,,/default.png
1367,,thuong,0385240224,700000,1,,,/default.png
1366,,thuong,0373966004,700000,1,,,/default.png
1365,,thuong,0329088008,700000,1,,,/default.png
1364,,thuong,0328552252,700000,1,,,/default.png
1363,,thuong,0966443802,700000,1,,,/default.png
1362,,thuong,0868789747,750000,1,,,/default.png
1361,,thuong,0969996353,800000,1,,,/default.png
1360,,thuong,0362528628,800000,1,,,/default.png
1359,,thuong,0327808809,800000,1,,,/default.png
1358,,thuong,0967227160,800000,1,,,/default.png
1357,,thuong,0984355758,800000,1,,,/default.png
1356,,thuong,0965658909,800000,1,,,/default.png
1355,,thuong,0963345519,800000,1,,,/default.png
1354,,thuong,0963878270,800000,1,,,/default.png
1353,,thuong,0966657077,800000,1,,,/default.png
1352,,thuong,0352787889,800000,1,,,/default.png
1351,,thuong,0976090700,800000,1,,,/default.png
1350,,thuong,0981388257,800000,1,,,/default.png
1349,,thuong,0971108157,800000,1,,,/default.png
1348,,thuong,0965749012,800000,1,,,/default.png
1347,,thuong,0971310491,800000,1,,,/default.png
1346,,thuong,0868272125,800000,1,,,/default.png
1345,,thuong,0961582878,800000,1,,,/default.png
1344,,thuong,0961056560,800000,1,,,/default.png
1343,,thuong,0868890179,800000,1,,,/default.png
1342,,thuong,0981565058,800000,1,,,/default.png
1341,,thuong,0966252178,800000,1,,,/default.png
1340,,thuong,0868780566,800000,1,,,/default.png
1339,,thuong,0868017738,800000,1,,,/default.png
1338,,thuong,0868716166,800000,1,,,/default.png
1337,,thuong,0965395295,800000,1,,,/default.png
1336,,thuong,0362712017,800000,1,,,/default.png
1335,,thuong,0356758345,800000,1,,,/default.png
1334,,thuong,0868766003,800000,1,,,/default.png
1333,,thuong,0868724399,800000,1,,,/default.png
1332,,thuong,0868750778,800000,1,,,/default.png
1331,,thuong,0868017747,800000,1,,,/default.png
1330,,thuong,0868017737,800000,1,,,/default.png
1329,,thuong,0868017727,800000,1,,,/default.png
1328,,thuong,0868735099,800000,1,,,/default.png
1327,,thuong,0868728039,800000,1,,,/default.png
1326,,thuong,0968373102,800000,1,,,/default.png
1325,,thuong,0989897175,800000,1,,,/default.png
1324,,thuong,0962459515,800000,1,,,/default.png
1323,,thuong,0975377344,800000,1,,,/default.png
1322,,thuong,0969343223,800000,1,,,/default.png
1321,,thuong,0868332022,800000,1,,,/default.png
1320,,thuong,0966276737,800000,1,,,/default.png
1319,,thuong,0978179994,800000,1,,,/default.png
1318,,thuong,0375226200,800000,1,,,/default.png
1317,,thuong,0399588486,800000,1,,,/default.png
1316,,thuong,0396070234,900000,1,,,/default.png
1315,,thuong,0359949398,900000,1,,,/default.png
1314,,thuong,0358922014,900000,1,,,/default.png
1313,,thuong,0961242357,1200000,1,,,/default.png
1312,,thuong,0981624696,1200000,1,,,/default.png
1311,,thuong,0968844178,1200000,1,,,/default.png
1310,,thuong,0967257439,1200000,1,,,/default.png
1309,,thuong,0971384139,1200000,1,,,/default.png
1308,,thuong,0962578278,1200000,1,,,/default.png
1307,,thuong,0961782778,1200000,1,,,/default.png
1306,,thuong,0393578222,1200000,1,,,/default.png
1305,,thuong,0965902019,1200000,1,,,/default.png
1304,,thuong,0978060903,1200000,1,,,/default.png
1303,,thuong,0973719141,1200000,1,,,/default.png
1302,,thuong,0973300040,1200000,1,,,/default.png
1301,,thuong,0964161817,1200000,1,,,/default.png
1300,,thuong,0976595351,1200000,1,,,/default.png
1299,,thuong,0982565550,1200000,1,,,/default.png
1298,,thuong,0965913161,1200000,1,,,/default.png
1297,,thuong,0962966252,1200000,1,,,/default.png
1296,,thuong,0986302322,1200000,1,,,/default.png
1295,,thuong,0989024084,1200000,1,,,/default.png
1294,,thuong,0989824262,1200000,1,,,/default.png
1293,,thuong,0961133677,1200000,1,,,/default.png
1292,,thuong,0961744644,1200000,1,,,/default.png
1291,,thuong,0971614624,1200000,1,,,/default.png
1290,,thuong,0961927227,1200000,1,,,/default.png
1289,,thuong,0966044422,1200000,1,,,/default.png
1288,,thuong,0971236599,1200000,1,,,/default.png
1287,,thuong,0961961611,1200000,1,,,/default.png
1286,,thuong,0962013103,1200000,1,,,/default.png
1285,,thuong,0971614618,1200000,1,,,/default.png
1284,,thuong,0984247147,1200000,1,,,/default.png
1283,,thuong,0377663789,1200000,1,,,/default.png
1282,,thuong,0367621368,1200000,1,,,/default.png
1281,,thuong,0988994164,1200000,1,,,/default.png
1280,,thuong,0986861142,1200000,1,,,/default.png
1279,,thuong,0986864961,1200000,1,,,/default.png
1278,,thuong,0986689641,1200000,1,,,/default.png
1277,,thuong,0988770531,1200000,1,,,/default.png
1276,,thuong,0988993461,1200000,1,,,/default.png
1275,,thuong,0984844175,1200000,1,,,/default.png
1274,,thuong,0865708868,1200000,1,,,/default.png
1273,,thuong,0981955198,1200000,1,,,/default.png
1272,,thuong,0982165786,1200000,1,,,/default.png
1271,,thuong,0968251828,1200000,1,,,/default.png
1270,,thuong,0388852009,1200000,1,,,/default.png
1269,,thuong,0981717776,1200000,1,,,/default.png
1268,,thuong,0363277077,1200000,1,,,/default.png
1267,,thuong,0981658800,1200000,1,,,/default.png
1266,,thuong,0357213178,1200000,1,,,/default.png
1265,,thuong,0987862717,1200000,1,,,/default.png
1264,,thuong,0985272867,1200000,1,,,/default.png
1263,,thuong,0345707778,1200000,1,,,/default.png
1262,,thuong,0395533011,1200000,1,,,/default.png
1261,,thuong,0868893079,1200000,1,,,/default.png
1260,,thuong,0979144494,1200000,1,,,/default.png
1259,,thuong,0972035977,1200000,1,,,/default.png
1258,,thuong,0395660444,1200000,1,,,/default.png
1257,,thuong,0373898779,1200000,1,,,/default.png
1256,,thuong,0988239012,1200000,1,,,/default.png
1255,,thuong,0984988424,1200000,1,,,/default.png
1254,,thuong,0369707778,1200000,1,,,/default.png
1253,,thuong,0362888178,1200000,1,,,/default.png
1252,,thuong,0963400755,1200000,1,,,/default.png
1251,,thuong,0969487187,1200000,1,,,/default.png
1250,,thuong,0977005133,1200000,1,,,/default.png
1249,,thuong,0964111825,1200000,1,,,/default.png
1248,,thuong,0989889734,1200000,1,,,/default.png
1247,,thuong,0987422044,1200000,1,,,/default.png
1246,,thuong,0985449242,1200000,1,,,/default.png
1245,,thuong,0974777540,1200000,1,,,/default.png
1244,,thuong,0965371959,1200000,1,,,/default.png
1243,,thuong,0983717076,1200000,1,,,/default.png
1242,,thuong,0971770687,1200000,1,,,/default.png
1241,,thuong,0967445355,1200000,1,,,/default.png
1240,,thuong,0971651783,1200000,1,,,/default.png
1239,,thuong,0964476687,1200000,1,,,/default.png
1238,,thuong,0989295797,1200000,1,,,/default.png
1237,,thuong,0967563063,1200000,1,,,/default.png
1236,,thuong,0971552545,1200000,1,,,/default.png
1235,,thuong,0971639077,1200000,1,,,/default.png
1234,,thuong,0971862221,1200000,1,,,/default.png
1233,,thuong,0984487004,1200000,1,,,/default.png
1232,,thuong,0971558182,1200000,1,,,/default.png
1231,,thuong,0964270800,1200000,1,,,/default.png
1230,,thuong,0986270913,1200000,1,,,/default.png
1229,,thuong,0978585864,1200000,1,,,/default.png
1228,,thuong,0967383804,1200000,1,,,/default.png
1227,,thuong,0966995798,1200000,1,,,/default.png
1226,,thuong,0967631110,1200000,1,,,/default.png
1225,,thuong,0963192221,1200000,1,,,/default.png
1224,,thuong,0966655276,1200000,1,,,/default.png
1223,,thuong,0982227273,1200000,1,,,/default.png
1222,,thuong,0968944414,1200000,1,,,/default.png
1221,,thuong,0971444243,1200000,1,,,/default.png
1220,,thuong,0968333930,1200000,1,,,/default.png
1219,,thuong,0967898036,1200000,1,,,/default.png
1218,,thuong,0965838184,1200000,1,,,/default.png
1217,,thuong,0974919180,1200000,1,,,/default.png
1216,,thuong,0868494957,1200000,1,,,/default.png
1215,,thuong,0981050673,1200000,1,,,/default.png
1214,,thuong,0985193138,1200000,1,,,/default.png
1213,,thuong,0985272155,1200000,1,,,/default.png
1212,,thuong,0981863330,1200000,1,,,/default.png
1211,,thuong,0961733735,1200000,1,,,/default.png
1210,,thuong,0974709377,1200000,1,,,/default.png
1209,,thuong,0969698647,1200000,1,,,/default.png
1208,,thuong,0975523114,1200000,1,,,/default.png
1207,,thuong,0965774473,1200000,1,,,/default.png
1206,,thuong,0987344423,1200000,1,,,/default.png
1205,,thuong,0966998617,1200000,1,,,/default.png
1204,,thuong,0965757881,1200000,1,,,/default.png
1203,,thuong,0374371976,1200000,1,,,/default.png
1202,,thuong,0379379183,1200000,1,,,/default.png
1201,,thuong,0394808037,1200000,1,,,/default.png
1200,,thuong,0374512168,1200000,1,,,/default.png
1199,,thuong,0362181225,1200000,1,,,/default.png
1198,,thuong,0385464486,1200000,1,,,/default.png
1197,,thuong,0393791262,1200000,1,,,/default.png
1196,,thuong,0364595550,1200000,1,,,/default.png
1195,,thuong,0363838364,1200000,1,,,/default.png
1194,,thuong,0392431978,1200000,1,,,/default.png
1193,,thuong,0337619357,1200000,1,,,/default.png
1192,,thuong,0377312612,1200000,1,,,/default.png
1191,,thuong,0363688608,1200000,1,,,/default.png
1190,,thuong,0356955503,1200000,1,,,/default.png
1189,,thuong,0365130914,1200000,1,,,/default.png
1188,,thuong,0397595838,1200000,1,,,/default.png
1187,,thuong,0389858501,1200000,1,,,/default.png
1186,,thuong,0375672616,1200000,1,,,/default.png
1185,,thuong,0372267627,1200000,1,,,/default.png
1184,,thuong,0335234168,1200000,1,,,/default.png
1183,,thuong,0352778422,1200000,1,,,/default.png
1182,,thuong,0352171373,1200000,1,,,/default.png
1181,,thuong,0339942278,1200000,1,,,/default.png
1180,,thuong,0372638978,1200000,1,,,/default.png
1179,,thuong,0362621858,1200000,1,,,/default.png
1178,,thuong,0397343922,1200000,1,,,/default.png
1177,,thuong,0337373196,1200000,1,,,/default.png
1176,,thuong,0357964965,1200000,1,,,/default.png
1175,,thuong,0379496663,1200000,1,,,/default.png
1174,,thuong,0359461481,1200000,1,,,/default.png
1173,,thuong,0379179162,1200000,1,,,/default.png
1172,,thuong,0373983972,1200000,1,,,/default.png
1171,,thuong,0385251017,1200000,1,,,/default.png
1170,,thuong,0395790008,1200000,1,,,/default.png
1169,,thuong,0356859556,1200000,1,,,/default.png
1168,,thuong,0352524828,1200000,1,,,/default.png
1167,,thuong,0328800311,1200000,1,,,/default.png
1166,,thuong,0373776252,1200000,1,,,/default.png
1165,,thuong,0358931118,1200000,1,,,/default.png
1164,,thuong,0385970717,1200000,1,,,/default.png
1163,,thuong,0363693727,1200000,1,,,/default.png
1162,,thuong,0397001909,1200000,1,,,/default.png
1161,,thuong,0366797505,1200000,1,,,/default.png
1160,,thuong,0376079879,1200000,1,,,/default.png
1159,,thuong,0372233889,1200000,1,,,/default.png
1158,,thuong,0336646636,1200000,1,,,/default.png
1157,,thuong,0357111221,1200000,1,,,/default.png
1156,,thuong,0333341379,1200000,1,,,/default.png
1155,,thuong,0966646794,1200000,1,,,/default.png
1154,,thuong,0965227090,1250000,1,,,/default.png
1153,,thuong,0868979952,1500000,1,,,/default.png
1152,,thuong,0869863191,1500000,1,,,/default.png
1151,,thuong,0981792474,1500000,1,,,/default.png
1150,,thuong,0962581757,1500000,1,,,/default.png
1149,,thuong,0964082515,1500000,1,,,/default.png
1148,,thuong,0989562474,1500000,1,,,/default.png
1147,,thuong,0985848077,1500000,1,,,/default.png
1146,,thuong,0963003655,1500000,1,,,/default.png
1145,,thuong,0971118194,1500000,1,,,/default.png
1144,,thuong,0963614667,1500000,1,,,/default.png
1143,,thuong,0985338285,1500000,1,,,/default.png
1142,,thuong,0869252767,1500000,1,,,/default.png
1141,,thuong,0975969446,1500000,1,,,/default.png
1140,,thuong,0968185489,1500000,1,,,/default.png
1139,,thuong,0961266856,1500000,1,,,/default.png
1138,,thuong,0989471237,1500000,1,,,/default.png
1137,,thuong,0967700106,1500000,1,,,/default.png
1136,,thuong,0975518533,1500000,1,,,/default.png
1135,,thuong,0969464594,1500000,1,,,/default.png
1134,,thuong,0979994515,1500000,1,,,/default.png
1133,,thuong,0963623755,1500000,1,,,/default.png
1132,,thuong,0961016577,1500000,1,,,/default.png
1131,,thuong,0967895177,1500000,1,,,/default.png
1130,,thuong,0989653003,1500000,1,,,/default.png
1129,,thuong,0962875767,1500000,1,,,/default.png
1128,,thuong,0978606466,1500000,1,,,/default.png
1127,,thuong,0983519449,1500000,1,,,/default.png
1126,,thuong,0983830737,1500000,1,,,/default.png
1125,,thuong,0962090308,1500000,1,,,/default.png
1124,,thuong,0982035357,1500000,1,,,/default.png
1123,,thuong,0981251851,1500000,1,,,/default.png
1122,,thuong,0981251825,1500000,1,,,/default.png
1121,,thuong,0981251852,1500000,1,,,/default.png
1120,,thuong,0981947887,1500000,1,,,/default.png
1119,,thuong,0981947117,1500000,1,,,/default.png
1118,,thuong,0966223354,1500000,1,,,/default.png
1117,,thuong,0982772595,1500000,1,,,/default.png
1116,,thuong,0962725115,1500000,1,,,/default.png
1115,,thuong,0973757271,1500000,1,,,/default.png
1114,,thuong,0978355211,1500000,1,,,/default.png
1113,,thuong,0965261114,1500000,1,,,/default.png
1112,,thuong,0982043336,1500000,1,,,/default.png
1111,,thuong,0964652672,1500000,1,,,/default.png
1110,,thuong,0981250150,1500000,1,,,/default.png
1109,,thuong,0987651650,1500000,1,,,/default.png
1108,,thuong,0974281781,1500000,1,,,/default.png
1107,,thuong,0988847827,1500000,1,,,/default.png
1106,,thuong,0981253453,1500000,1,,,/default.png
1105,,thuong,0981254284,1500000,1,,,/default.png
1104,,thuong,0981254274,1500000,1,,,/default.png
1103,,thuong,0981254257,1500000,1,,,/default.png
1102,,thuong,0981254259,1500000,1,,,/default.png
1101,,thuong,0982888243,1500000,1,,,/default.png
1100,,thuong,0976333127,1500000,1,,,/default.png
1099,,thuong,0962992377,1500000,1,,,/default.png
1098,,thuong,0981254354,1500000,1,,,/default.png
1097,,thuong,0979626965,1500000,1,,,/default.png
1096,,thuong,0985657770,1500000,1,,,/default.png
1095,,thuong,0978589848,1500000,1,,,/default.png
1094,,thuong,0973883080,1500000,1,,,/default.png
1093,,thuong,0971102442,1500000,1,,,/default.png
1092,,thuong,0971074717,1600000,1,,,/default.png
1091,,thuong,0983667004,1600000,1,,,/default.png
1090,,thuong,0985212557,1600000,1,,,/default.png
1089,,thuong,0981254265,1600000,1,,,/default.png
1088,,thuong,0965514154,1600000,1,,,/default.png
1087,,thuong,0967034012,1600000,1,,,/default.png
1086,,thuong,0967193913,1600000,1,,,/default.png
1085,,thuong,0971820870,1800000,1,,,/default.png
1084,,thuong,0968635791,1800000,1,,,/default.png
1083,,thuong,0962303631,1800000,1,,,/default.png
1082,,thuong,0329825868,1800000,1,,,/default.png
1081,,thuong,0364648979,1800000,1,,,/default.png
1080,,thuong,0368121939,2000000,1,,,/default.png
1079,,thuong,0338996968,2000000,1,,,/default.png
1078,,thuong,0989788837,2000000,1,,,/default.png
1077,,thuong,0965911178,2000000,1,,,/default.png
1076,,thuong,0962611194,2000000,1,,,/default.png
1075,,thuong,0968977793,2000000,1,,,/default.png
1074,,thuong,0974338884,2000000,1,,,/default.png
1073,,thuong,0967570005,2000000,1,,,/default.png
1072,,thuong,0974513336,2000000,1,,,/default.png
1071,,thuong,0965923262,2000000,1,,,/default.png
1070,,thuong,0965957525,2000000,1,,,/default.png
1069,,thuong,0973982878,2000000,1,,,/default.png
1068,,thuong,0375187898,2000000,1,,,/default.png
1067,,thuong,0985343035,2000000,1,,,/default.png
1066,,thuong,0981646261,2000000,1,,,/default.png
1065,,thuong,0981646263,2000000,1,,,/default.png
1064,,thuong,0981646265,2200000,1,,,/default.png
1063,,thuong,0981646267,2200000,1,,,/default.png
1062,,thuong,0972474049,2200000,1,,,/default.png
1061,,thuong,0967171812,2200000,1,,,/default.png
1060,,thuong,0961180774,2200000,1,,,/default.png
1059,,thuong,0339541987,2200000,1,,,/default.png
1058,,thuong,0961997278,2200000,1,,,/default.png
1057,,thuong,0964406556,2200000,1,,,/default.png
1056,,thuong,0962171661,2200000,1,,,/default.png
1055,,thuong,0975020330,2200000,1,,,/default.png
1054,,thuong,0979115242,2200000,1,,,/default.png
1053,,thuong,0965887022,2200000,1,,,/default.png
1052,,thuong,0973933494,2200000,1,,,/default.png
1051,,thuong,0974400050,2200000,1,,,/default.png
1050,,thuong,0981646277,2200000,1,,,/default.png
1049,,thuong,0972540484,2200000,1,,,/default.png
1048,,thuong,0966724939,2200000,1,,,/default.png
1047,,thuong,0961745754,2200000,1,,,/default.png
1046,,thuong,0969151314,2200000,1,,,/default.png
1045,,thuong,0978393596,2200000,1,,,/default.png
1044,,thuong,0974757157,2200000,1,,,/default.png
1043,,thuong,0966572172,2200000,1,,,/default.png
1042,,thuong,0981171760,2200000,1,,,/default.png
1041,,thuong,0987434374,2200000,1,,,/default.png
1040,,thuong,0985046042,2200000,1,,,/default.png
1039,,thuong,0989164160,2200000,1,,,/default.png
1038,,thuong,0976614612,2200000,1,,,/default.png
1037,,thuong,0868241841,2200000,1,,,/default.png
1036,,thuong,0981702102,2200000,1,,,/default.png
1035,,thuong,0971407437,2200000,1,,,/default.png
1034,,thuong,0962827427,2200000,1,,,/default.png
1033,,thuong,0964938934,2200000,1,,,/default.png
1032,,thuong,0972563063,2500000,1,,,/default.png
1031,,thuong,0962293203,2500000,1,,,/default.png
1030,,thuong,0967518510,2500000,1,,,/default.png
1029,,thuong,0985110802,2500000,1,,,/default.png
1028,,thuong,0988989033,2500000,1,,,/default.png
1027,,thuong,0966114464,2500000,1,,,/default.png
1026,,thuong,0988563331,2500000,1,,,/default.png
1025,,thuong,0989600211,2500000,1,,,/default.png
1024,,thuong,0329741368,2500000,1,,,/default.png
1023,,thuong,0869193959,2500000,1,,,/default.png
1022,,thuong,0377818484,2500000,1,,,/default.png
1021,,thuong,0394777791,2500000,1,,,/default.png
1020,,thuong,0394777784,2500000,1,,,/default.png
1019,,thuong,0394777782,2500000,1,,,/default.png
1018,,thuong,0394777764,2500000,1,,,/default.png
1017,,thuong,0394777729,2500000,1,,,/default.png
1016,,thuong,0394777710,2500000,1,,,/default.png
1015,,thuong,0394777705,2500000,1,,,/default.png
1014,,thuong,0394777702,2500000,1,,,/default.png
1013,,thuong,0377819191,2500000,1,,,/default.png
1012,,thuong,0377808383,2500000,1,,,/default.png
1011,,thuong,0377818787,2500000,1,,,/default.png
1010,,thuong,0377818585,2500000,1,,,/default.png
1009,,thuong,0377808484,2500000,1,,,/default.png
1008,,thuong,0377739393,2800000,1,,,/default.png
1007,,thuong,0377810123,3000000,1,,,/default.png
1006,,thuong,0377800123,3000000,1,,,/default.png
1005,,thuong,0377820123,3000000,1,,,/default.png
1004,,thuong,0377811357,3000000,1,,,/default.png
1003,,thuong,0377791357,3000000,1,,,/default.png
1002,,thuong,0377801357,3000000,1,,,/default.png
1001,,thuong,0377841357,3200000,1,,,/default.png
1000,,thuong,0377821357,3500000,1,,,/default.png
999,,thuong,0377818383,3500000,1,,,/default.png
998,,thuong,0965078887,3500000,1,,,/default.png
997,,thuong,0356333378,3500000,1,,,/default.png
996,,thuong,0389687886,3500000,1,,,/default.png
995,,thuong,0346663336,4000000,1,,,/default.png
994,,thuong,0359031031,5000000,1,,,/default.png
993,,thuong,0395476476,5000000,1,,,/default.png
992,,thuong,0394496496,5500000,1,,,/default.png
991,,thuong,0348888810,6000000,1,,,/default.png
990,,thuong,0866588879,6000000,1,,,/default.png
989,,thuong,0866787456,7000000,1,,,/default.png
988,,thuong,0866786567,12000000,1,,,/default.png
987,,thuong,0866786778,20000000,1,,,/default.png
986,,thuong,0353979690,500000,1,,,/default.png
985,,thuong,0862947696,500000,1,,,/default.png
984,,thuong,0862346181,500000,1,,,/default.png
983,,thuong,0332037737,500000,1,,,/default.png
982,,thuong,0345831381,500000,1,,,/default.png
981,,thuong,0862612372,500000,1,,,/default.png
980,,thuong,0362342878,500000,1,,,/default.png
979,,thuong,0342190902,500000,1,,,/default.png
978,,thuong,0368180823,500000,1,,,/default.png
977,,thuong,0869083223,500000,1,,,/default.png
976,,thuong,0343939692,500000,1,,,/default.png
975,,thuong,0865595058,500000,1,,,/default.png
974,,thuong,0335245877,500000,1,,,/default.png
973,,thuong,0394872021,500000,1,,,/default.png
972,,thuong,0862975667,500000,1,,,/default.png
971,,thuong,0334556773,500000,1,,,/default.png
970,,thuong,0976789841,500000,1,,,/default.png
969,,thuong,0326323236,500000,1,,,/default.png
968,,thuong,0588133789,500000,4,,,/default.png
967,,thuong,0925886283,500000,4,,,/default.png
966,,thuong,0925886861,500000,4,,,/default.png
965,,thuong,0925886656,500000,4,,,/default.png
964,,thuong,0925886672,500000,4,,,/default.png
963,,thuong,0925886675,500000,4,,,/default.png
962,,thuong,0925886680,500000,4,,,/default.png
961,,thuong,0925886685,500000,4,,,/default.png
960,,thuong,0925886691,500000,4,,,/default.png
959,,thuong,0925886697,500000,4,,,/default.png
958,,thuong,0925887379,500000,4,,,/default.png
957,,thuong,0925886558,500000,4,,,/default.png
956,,thuong,0925887179,500000,4,,,/default.png
955,,thuong,0925886585,500000,4,,,/default.png
954,,thuong,0925886606,500000,4,,,/default.png
953,,thuong,0925886607,500000,4,,,/default.png
952,,thuong,0925886608,500000,4,,,/default.png
951,,thuong,0925886610,500000,4,,,/default.png
950,,thuong,0925886612,500000,4,,,/default.png
949,,thuong,0925886616,500000,4,,,/default.png
948,,thuong,0925886621,500000,4,,,/default.png
947,,thuong,0925886623,500000,4,,,/default.png
946,,thuong,0925886631,500000,4,,,/default.png
945,,thuong,0925886635,500000,4,,,/default.png
944,,thuong,0925886636,500000,4,,,/default.png
943,,thuong,0925886638,500000,4,,,/default.png
942,,thuong,0925886651,500000,4,,,/default.png
941,,thuong,0925886652,500000,4,,,/default.png
940,,thuong,0925886609,500000,4,,,/default.png
939,,thuong,0925886479,500000,4,,,/default.png
938,,thuong,0925886486,500000,4,,,/default.png
937,,thuong,0925886357,500000,4,,,/default.png
936,,thuong,0925886366,500000,4,,,/default.png
935,,thuong,0925886383,500000,4,,,/default.png
934,,thuong,0925886388,500000,4,,,/default.png
933,,thuong,0925886399,500000,4,,,/default.png
932,,thuong,0925886188,500000,4,,,/default.png
931,,thuong,0925886335,500000,4,,,/default.png
930,,thuong,0925886116,500000,4,,,/default.png
929,,thuong,0925886152,500000,4,,,/default.png
928,,thuong,0925886186,500000,4,,,/default.png
927,,thuong,0925886178,500000,4,,,/default.png
926,,thuong,0925886183,500000,4,,,/default.png
925,,thuong,0925885996,500000,4,,,/default.png
924,,thuong,0925886006,500000,4,,,/default.png
923,,thuong,0925886068,500000,4,,,/default.png
922,,thuong,0925886079,500000,4,,,/default.png
921,,thuong,0925887287,500000,4,,,/default.png
920,,thuong,0925887337,500000,4,,,/default.png
919,,thuong,0925887186,500000,4,,,/default.png
918,,thuong,0925887187,500000,4,,,/default.png
917,,thuong,0925886863,500000,4,,,/default.png
916,,thuong,0925886863,500000,4,,,/default.png
915,,thuong,0925886818,500000,4,,,/default.png
914,,thuong,0925886808,500000,4,,,/default.png
913,,thuong,0925886799,500000,4,,,/default.png
912,,thuong,0925886988,500000,4,,,/default.png
911,,thuong,0925886786,500000,4,,,/default.png
910,,thuong,0925886881,500000,4,,,/default.png
909,,thuong,0925886556,500000,4,,,/default.png
908,,thuong,0923893289,500000,4,,,/default.png
907,,thuong,0923892939,500000,4,,,/default.png
906,,thuong,0923892489,500000,4,,,/default.png
905,,thuong,0923892868,500000,4,,,/default.png
904,,thuong,0923040567,500000,4,,,/default.png
903,,thuong,0585153789,500000,4,,,/default.png
902,,thuong,0582153789,500000,4,,,/default.png
901,,thuong,0582221357,500000,4,,,/default.png
900,,thuong,0589221294,500000,4,,,/default.png
899,,thuong,0923583858,500000,4,,,/default.png
898,,thuong,0923583898,500000,4,,,/default.png
897,,thuong,0923583839,500000,4,,,/default.png
896,,thuong,0927072008,500000,4,,,/default.png
895,,thuong,0929289567,500000,4,,,/default.png
894,,thuong,0583556557,500000,4,,,/default.png
893,,thuong,0589221357,500000,4,,,/default.png
892,,thuong,0587221357,500000,4,,,/default.png
891,,thuong,0582771345,500000,4,,,/default.png
890,,thuong,0927157678,500000,4,,,/default.png
889,,thuong,0927157345,500000,4,,,/default.png
888,,thuong,0927161980,500000,4,,,/default.png
887,,thuong,0927162678,500000,4,,,/default.png
886,,thuong,0927164345,500000,4,,,/default.png
885,,thuong,0927159995,500000,4,,,/default.png
884,,thuong,0927160386,500000,4,,,/default.png
883,,thuong,0927160495,500000,4,,,/default.png
882,,thuong,0927160591,500000,4,,,/default.png
881,,thuong,0927160596,500000,4,,,/default.png
880,,thuong,0927160601,500000,4,,,/default.png
879,,thuong,0927160701,500000,4,,,/default.png
878,,thuong,0927160696,500000,4,,,/default.png
877,,thuong,0927160697,500000,4,,,/default.png
876,,thuong,0927160786,500000,4,,,/default.png
875,,thuong,0927161088,500000,4,,,/default.png
874,,thuong,0927161179,500000,4,,,/default.png
873,,thuong,0927161200,500000,4,,,/default.png
872,,thuong,0927161201,500000,4,,,/default.png
871,,thuong,0927161296,500000,4,,,/default.png
870,,thuong,0927380880,500000,4,,,/default.png
869,,thuong,0927381551,500000,4,,,/default.png
868,,thuong,0927381221,500000,4,,,/default.png
867,,thuong,0924712491,500000,4,,,/default.png
866,,thuong,0924711558,500000,4,,,/default.png
865,,thuong,0926626684,500000,4,,,/default.png
864,,thuong,0926626673,500000,4,,,/default.png
863,,thuong,0926626672,500000,4,,,/default.png
862,,thuong,0926626647,500000,4,,,/default.png
861,,thuong,0926626642,500000,4,,,/default.png
860,,thuong,0926626619,500000,4,,,/default.png
859,,thuong,0926626603,500000,4,,,/default.png
858,,thuong,0926620622,500000,4,,,/default.png
857,,thuong,0926620660,500000,4,,,/default.png
856,,thuong,0926620616,500000,4,,,/default.png
855,,thuong,0926627277,500000,4,,,/default.png
854,,thuong,0926620636,500000,4,,,/default.png
853,,thuong,0926626737,500000,4,,,/default.png
852,,thuong,0926626206,500000,4,,,/default.png
851,,thuong,0926628272,500000,4,,,/default.png
850,,thuong,0926626698,500000,4,,,/default.png
849,,thuong,0929662967,500000,4,,,/default.png
848,,thuong,0926627776,500000,4,,,/default.png
847,,thuong,0926625899,500000,4,,,/default.png
846,,thuong,0926619279,500000,4,,,/default.png
845,,thuong,0926620839,500000,4,,,/default.png
844,,thuong,0926626623,500000,4,,,/default.png
843,,thuong,0926620739,500000,4,,,/default.png
842,,thuong,0926621114,500000,4,,,/default.png
841,,thuong,0926620878,500000,4,,,/default.png
840,,thuong,0926620828,500000,4,,,/default.png
839,,thuong,0926620686,500000,4,,,/default.png
838,,thuong,0926619668,500000,4,,,/default.png
837,,thuong,0924714718,500000,4,,,/default.png
836,,thuong,0926610575,500000,4,,,/default.png
835,,thuong,0926627762,500000,4,,,/default.png
834,,thuong,0924712471,500000,4,,,/default.png
833,,thuong,0924078884,500000,4,,,/default.png
832,,thuong,0926627232,500000,4,,,/default.png
831,,thuong,0926624779,500000,4,,,/default.png
830,,thuong,0926625232,500000,4,,,/default.png
829,,thuong,0926628328,500000,4,,,/default.png
828,,thuong,0926620998,500000,4,,,/default.png
827,,thuong,0926619616,500000,4,,,/default.png
826,,thuong,0926625898,500000,4,,,/default.png
825,,thuong,0926625759,500000,4,,,/default.png
824,,thuong,0924079767,500000,4,,,/default.png
823,,thuong,0924079994,500000,4,,,/default.png
822,,thuong,0924080098,500000,4,,,/default.png
821,,thuong,0924080070,500000,4,,,/default.png
820,,thuong,0924711288,500000,4,,,/default.png
819,,thuong,0924710910,500000,4,,,/default.png
818,,thuong,0929663345,550000,4,,,/default.png
817,,thuong,0926624898,600000,4,,,/default.png
816,,thuong,0926620727,600000,4,,,/default.png
815,,thuong,0926620720,600000,4,,,/default.png
814,,thuong,0924080400,600000,4,,,/default.png
813,,thuong,0924080401,600000,4,,,/default.png
812,,thuong,0926620323,600000,4,,,/default.png
811,,thuong,0926620767,600000,4,,,/default.png
810,,thuong,0926626369,600000,4,,,/default.png
809,,thuong,0924730004,600000,4,,,/default.png
808,,thuong,0924078885,600000,4,,,/default.png
807,,thuong,0924079468,600000,4,,,/default.png
806,,thuong,0924079996,600000,4,,,/default.png
805,,thuong,0924079717,600000,4,,,/default.png
804,,thuong,0926625758,600000,4,,,/default.png
803,,thuong,0926624321,600000,4,,,/default.png
802,,thuong,0924080100,600000,4,,,/default.png
801,,thuong,0926656233,600000,4,,,/default.png
800,,thuong,0926656765,600000,4,,,/default.png
799,,thuong,0926656993,600000,4,,,/default.png
798,,thuong,0926656862,600000,4,,,/default.png
797,,thuong,0926656864,600000,4,,,/default.png
796,,thuong,0926657675,600000,4,,,/default.png
795,,thuong,0926657665,600000,4,,,/default.png
794,,thuong,0926657595,600000,4,,,/default.png
793,,thuong,0926656860,600000,4,,,/default.png
792,,thuong,0926656863,600000,4,,,/default.png
791,,thuong,0926657774,600000,4,,,/default.png
790,,thuong,0926633223,600000,4,,,/default.png
789,,thuong,0923040512,600000,4,,,/default.png
788,,thuong,0923040502,600000,4,,,/default.png
787,,thuong,0586221522,600000,4,,,/default.png
786,,thuong,0923111551,600000,4,,,/default.png
785,,thuong,0923040492,600000,4,,,/default.png
784,,thuong,0926656559,600000,4,,,/default.png
783,,thuong,0926656528,600000,4,,,/default.png
782,,thuong,0926656584,600000,4,,,/default.png
781,,thuong,0926656282,600000,4,,,/default.png
780,,thuong,0926656582,600000,4,,,/default.png
779,,thuong,0926656564,600000,4,,,/default.png
778,,thuong,0926655543,600000,4,,,/default.png
777,,thuong,0926655572,600000,4,,,/default.png
776,,thuong,0926655676,600000,4,,,/default.png
775,,thuong,0926656662,600000,4,,,/default.png
774,,thuong,0926656661,600000,4,,,/default.png
773,,thuong,0926656663,600000,4,,,/default.png
772,,thuong,0926634373,600000,4,,,/default.png
771,,thuong,0926662586,600000,4,,,/default.png
770,,thuong,0926662575,600000,4,,,/default.png
769,,thuong,0926662515,600000,4,,,/default.png
768,,thuong,0926659585,600000,4,,,/default.png
767,,thuong,0926659545,600000,4,,,/default.png
766,,thuong,0926640234,600000,4,,,/default.png
765,,thuong,0926631731,600000,4,,,/default.png
764,,thuong,0926635536,600000,4,,,/default.png
763,,thuong,0926656263,600000,4,,,/default.png
762,,thuong,0926632532,600000,4,,,/default.png
761,,thuong,0925536288,600000,4,,,/default.png
760,,thuong,0926630234,600000,4,,,/default.png
759,,thuong,0926631118,600000,4,,,/default.png
758,,thuong,0926657771,600000,4,,,/default.png
757,,thuong,0926657776,600000,4,,,/default.png
756,,thuong,0588133822,600000,4,,,/default.png
755,,thuong,0588133922,600000,4,,,/default.png
754,,thuong,0588134393,600000,4,,,/default.png
753,,thuong,0588128939,600000,4,,,/default.png
752,,thuong,0588137775,600000,4,,,/default.png
751,,thuong,0588136667,600000,4,,,/default.png
750,,thuong,0588136661,600000,4,,,/default.png
749,,thuong,0588135113,600000,4,,,/default.png
748,,thuong,0929662990,600000,4,,,/default.png
747,,thuong,0923040550,600000,4,,,/default.png
746,,thuong,0588133995,600000,4,,,/default.png
745,,thuong,0588131345,600000,4,,,/default.png
744,,thuong,0588131290,600000,4,,,/default.png
743,,thuong,0588133553,600000,4,,,/default.png
742,,thuong,0588132213,600000,4,,,/default.png
741,,thuong,0588131878,600000,4,,,/default.png
740,,thuong,0588131858,600000,4,,,/default.png
739,,thuong,0588131831,600000,4,,,/default.png
738,,thuong,0588131679,600000,4,,,/default.png
737,,thuong,0588130981,600000,4,,,/default.png
736,,thuong,0588130803,600000,4,,,/default.png
735,,thuong,0588129568,600000,4,,,/default.png
734,,thuong,0589221456,600000,4,,,/default.png
733,,thuong,0587221456,600000,4,,,/default.png
732,,thuong,0929662994,600000,4,,,/default.png
731,,thuong,0929662995,600000,4,,,/default.png
730,,thuong,0588130615,600000,4,,,/default.png
729,,thuong,0588131132,600000,4,,,/default.png
728,,thuong,0588131099,600000,4,,,/default.png
727,,thuong,0588131093,600000,4,,,/default.png
726,,thuong,0588130993,600000,4,,,/default.png
725,,thuong,0588130800,600000,4,,,/default.png
724,,thuong,0588130797,600000,4,,,/default.png
723,,thuong,0588130795,600000,4,,,/default.png
722,,thuong,0588130593,600000,4,,,/default.png
721,,thuong,0588130486,600000,4,,,/default.png
720,,thuong,0588130294,600000,4,,,/default.png
719,,thuong,0588130195,600000,4,,,/default.png
718,,thuong,0587221294,600000,4,,,/default.png
717,,thuong,0585221295,600000,4,,,/default.png
716,,thuong,0586221295,600000,4,,,/default.png
715,,thuong,0589221295,600000,4,,,/default.png
714,,thuong,0587221295,600000,4,,,/default.png
713,,thuong,0585221296,600000,4,,,/default.png
712,,thuong,0586221296,600000,4,,,/default.png
711,,thuong,0585221297,600000,4,,,/default.png
710,,thuong,0586221297,600000,4,,,/default.png
709,,thuong,0589221297,600000,4,,,/default.png
708,,thuong,0587221297,600000,4,,,/default.png
707,,thuong,0585221298,600000,4,,,/default.png
706,,thuong,0586221298,600000,4,,,/default.png
705,,thuong,0589221298,600000,4,,,/default.png
704,,thuong,0587221298,600000,4,,,/default.png
703,,thuong,0585221299,600000,4,,,/default.png
702,,thuong,0586221299,600000,4,,,/default.png
701,,thuong,0585221292,600000,4,,,/default.png
700,,thuong,0586221292,600000,4,,,/default.png
699,,thuong,0589221345,600000,4,,,/default.png
698,,thuong,0585221345,600000,4,,,/default.png
697,,thuong,0586221345,600000,4,,,/default.png
696,,thuong,0586221386,600000,4,,,/default.png
695,,thuong,0589221386,600000,4,,,/default.png
694,,thuong,0585221357,600000,4,,,/default.png
693,,thuong,0589153789,600000,4,,,/default.png
692,,thuong,0587153789,600000,4,,,/default.png
691,,thuong,0588131636,600000,4,,,/default.png
690,,thuong,0588132011,600000,4,,,/default.png
689,,thuong,0588131978,600000,4,,,/default.png
688,,thuong,0588131975,600000,4,,,/default.png
687,,thuong,0588131971,600000,4,,,/default.png
686,,thuong,0588132668,600000,4,,,/default.png
685,,thuong,0588138456,600000,4,,,/default.png
684,,thuong,0588128886,600000,4,,,/default.png
683,,thuong,0588129234,600000,4,,,/default.png
682,,thuong,0588127234,600000,4,,,/default.png
681,,thuong,0588129929,600000,4,,,/default.png
680,,thuong,0588130183,600000,4,,,/default.png
679,,thuong,0588130887,600000,4,,,/default.png
678,,thuong,0927377747,600000,4,,,/default.png
677,,thuong,0927381567,600000,4,,,/default.png
676,,thuong,0927381678,600000,4,,,/default.png
675,,thuong,0925901268,600000,4,,,/default.png
674,,thuong,0589408868,600000,4,,,/default.png
673,,thuong,0587408868,600000,4,,,/default.png
672,,thuong,0585602678,600000,4,,,/default.png
671,,thuong,0587408886,600000,4,,,/default.png
670,,thuong,0589408886,600000,4,,,/default.png
669,,thuong,0584011995,600000,4,,,/default.png
668,,thuong,0584011996,600000,4,,,/default.png
667,,thuong,0584011997,600000,4,,,/default.png
666,,thuong,0584012123,600000,4,,,/default.png
665,,thuong,0925901997,600000,4,,,/default.png
664,,thuong,0585221102,600000,4,,,/default.png
663,,thuong,0587221368,600000,4,,,/default.png
662,,thuong,0585221234,600000,4,,,/default.png
661,,thuong,0589221234,600000,4,,,/default.png
660,,thuong,0586221234,600000,4,,,/default.png
659,,thuong,0925176671,600000,4,,,/default.png
658,,thuong,0921104012,600000,4,,,/default.png
657,,thuong,0929049779,600000,4,,,/default.png
656,,thuong,0924155579,600000,4,,,/default.png
655,,thuong,0925999357,600000,4,,,/default.png
654,,thuong,0921188178,600000,4,,,/default.png
653,,thuong,0926607779,600000,4,,,/default.png
652,,thuong,0926517789,600000,4,,,/default.png
651,,thuong,0926379139,600000,4,,,/default.png
650,,thuong,0923058889,600000,4,,,/default.png
649,,thuong,0923087789,600000,4,,,/default.png
648,,thuong,0923087678,600000,4,,,/default.png
647,,thuong,0923089678,600000,4,,,/default.png
646,,thuong,0923079678,600000,4,,,/default.png
645,,thuong,0924711715,600000,4,,,/default.png
644,,thuong,0924727747,600000,4,,,/default.png
643,,thuong,0924711168,600000,4,,,/default.png
642,,thuong,0924711661,600000,4,,,/default.png
641,,thuong,0924710712,600000,4,,,/default.png
640,,thuong,0924710714,600000,4,,,/default.png
639,,thuong,0924727471,600000,4,,,/default.png
638,,thuong,0924727475,600000,4,,,/default.png
637,,thuong,0924727468,600000,4,,,/default.png
636,,thuong,0924730268,600000,4,,,/default.png
635,,thuong,0924711714,600000,4,,,/default.png
634,,thuong,0924712871,600000,4,,,/default.png
633,,thuong,0924712771,600000,4,,,/default.png
632,,thuong,0924711001,600000,4,,,/default.png
631,,thuong,0924712271,600000,4,,,/default.png
630,,thuong,0924712477,600000,4,,,/default.png
629,,thuong,0924712286,600000,4,,,/default.png
628,,thuong,0924727293,600000,4,,,/default.png
627,,thuong,0924710701,600000,4,,,/default.png
626,,thuong,0924727986,600000,4,,,/default.png
625,,thuong,0924727996,600000,4,,,/default.png
624,,thuong,0924727696,600000,4,,,/default.png
623,,thuong,0924711187,600000,4,,,/default.png
622,,thuong,0924727998,600000,4,,,/default.png
621,,thuong,0924711885,600000,4,,,/default.png
620,,thuong,0924711768,600000,4,,,/default.png
619,,thuong,0924712371,600000,4,,,/default.png
618,,thuong,0924711880,600000,4,,,/default.png
617,,thuong,0924711882,600000,4,,,/default.png
616,,thuong,0924711147,600000,4,,,/default.png
615,,thuong,0924727294,600000,4,,,/default.png
614,,thuong,0924712481,600000,4,,,/default.png
613,,thuong,0924729768,600000,4,,,/default.png
612,,thuong,0924711700,600000,4,,,/default.png
611,,thuong,0924711713,600000,4,,,/default.png
610,,thuong,0924730393,600000,4,,,/default.png
609,,thuong,0924727557,600000,4,,,/default.png
608,,thuong,0924727595,600000,4,,,/default.png
607,,thuong,0924727848,600000,4,,,/default.png
606,,thuong,0924728672,600000,4,,,/default.png
605,,thuong,0924712341,600000,4,,,/default.png
604,,thuong,0924712347,600000,4,,,/default.png
603,,thuong,0924712348,600000,4,,,/default.png
602,,thuong,0924712349,600000,4,,,/default.png
601,,thuong,0924727670,600000,4,,,/default.png
600,,thuong,0924727671,600000,4,,,/default.png
599,,thuong,0924727675,600000,4,,,/default.png
598,,thuong,0924727372,600000,4,,,/default.png
597,,thuong,0924727873,600000,4,,,/default.png
596,,thuong,0924727875,600000,4,,,/default.png
595,,thuong,0924727370,600000,4,,,/default.png
594,,thuong,0924727577,600000,4,,,/default.png
593,,thuong,0924730003,600000,4,,,/default.png
592,,thuong,0924727866,600000,4,,,/default.png
591,,thuong,0924710771,600000,4,,,/default.png
590,,thuong,0924729272,600000,4,,,/default.png
589,,thuong,0924710879,600000,4,,,/default.png
588,,thuong,0924728884,600000,4,,,/default.png
587,,thuong,0924712475,600000,4,,,/default.png
586,,thuong,0924714879,600000,4,,,/default.png
585,,thuong,0924728288,600000,4,,,/default.png
584,,thuong,0924728338,600000,4,,,/default.png
583,,thuong,0924727585,600000,4,,,/default.png
582,,thuong,0924728727,600000,4,,,/default.png
581,,thuong,0924729969,600000,4,,,/default.png
580,,thuong,0924727388,600000,4,,,/default.png
579,,thuong,0924711077,600000,4,,,/default.png
578,,thuong,0924710717,600000,4,,,/default.png
577,,thuong,0924727949,600000,4,,,/default.png
576,,thuong,0924710668,600000,4,,,/default.png
575,,thuong,0924711221,600000,4,,,/default.png
574,,thuong,0924730363,600000,4,,,/default.png
573,,thuong,0924728679,600000,4,,,/default.png
572,,thuong,0924728486,600000,4,,,/default.png
571,,thuong,0924728328,600000,4,,,/default.png
570,,thuong,0924728286,600000,4,,,/default.png
569,,thuong,0929050589,600000,4,,,/default.png
568,,thuong,0929050592,600000,4,,,/default.png
567,,thuong,0929050234,600000,4,,,/default.png
566,,thuong,0929050199,600000,4,,,/default.png
565,,thuong,0929050699,600000,4,,,/default.png
564,,thuong,0929050567,600000,4,,,/default.png
563,,thuong,0929050568,600000,4,,,/default.png
562,,thuong,0929050575,600000,4,,,/default.png
561,,thuong,0929050529,600000,4,,,/default.png
560,,thuong,0923040522,600000,4,,,/default.png
559,,thuong,0923040660,600000,4,,,/default.png
558,,thuong,0923040566,600000,4,,,/default.png
557,,thuong,0923040610,600000,4,,,/default.png
556,,thuong,0923040575,600000,4,,,/default.png
555,,thuong,0923040554,600000,4,,,/default.png
554,,thuong,0923040553,600000,4,,,/default.png
553,,thuong,0923040551,600000,4,,,/default.png
552,,thuong,0923040558,600000,4,,,/default.png
551,,thuong,0923040559,600000,4,,,/default.png
550,,thuong,0923040539,600000,4,,,/default.png
549,,thuong,0923040535,600000,4,,,/default.png
548,,thuong,0923040519,600000,4,,,/default.png
547,,thuong,0923040518,600000,4,,,/default.png
546,,thuong,0923040568,600000,4,,,/default.png
545,,thuong,0923040567,600000,4,,,/default.png
544,,thuong,0923040496,600000,4,,,/default.png
543,,thuong,0923040800,600000,4,,,/default.png
542,,thuong,0923040790,600000,4,,,/default.png
541,,thuong,0929050150,600000,4,,,/default.png
540,,thuong,0923040644,600000,4,,,/default.png
539,,thuong,0923040557,600000,4,,,/default.png
538,,thuong,0923040719,600000,4,,,/default.png
537,,thuong,0923040716,600000,4,,,/default.png
536,,thuong,0923040715,600000,4,,,/default.png
535,,thuong,0923040714,600000,4,,,/default.png
534,,thuong,0923040711,600000,4,,,/default.png
533,,thuong,0923040674,600000,4,,,/default.png
532,,thuong,0923040662,600000,4,,,/default.png
531,,thuong,0923040661,600000,4,,,/default.png
530,,thuong,0923040611,600000,4,,,/default.png
529,,thuong,0923040633,600000,4,,,/default.png
528,,thuong,0923040663,600000,4,,,/default.png
527,,thuong,0923040618,600000,4,,,/default.png
526,,thuong,0923040617,600000,4,,,/default.png
525,,thuong,0923040614,600000,4,,,/default.png
524,,thuong,0929050252,600000,4,,,/default.png
523,,thuong,0929050565,600000,4,,,/default.png
522,,thuong,0929050656,600000,4,,,/default.png
521,,thuong,0929050535,600000,4,,,/default.png
520,,thuong,0929050525,600000,4,,,/default.png
519,,thuong,0929050545,600000,4,,,/default.png
518,,thuong,0929050454,600000,4,,,/default.png
517,,thuong,0929050051,600000,4,,,/default.png
516,,thuong,0929050090,600000,4,,,/default.png
515,,thuong,0929050060,600000,4,,,/default.png
514,,thuong,0929050030,600000,4,,,/default.png
513,,thuong,0929050020,600000,4,,,/default.png
512,,thuong,0929050070,600000,4,,,/default.png
511,,thuong,0923040592,600000,4,,,/default.png
510,,thuong,0929050080,600000,4,,,/default.png
509,,thuong,0929050040,600000,4,,,/default.png
508,,thuong,0923040697,600000,4,,,/default.png
507,,thuong,0923040698,600000,4,,,/default.png
506,,thuong,0923040500,600000,4,,,/default.png
505,,thuong,0923040700,600000,4,,,/default.png
504,,thuong,0923040695,600000,4,,,/default.png
503,,thuong,0923040598,600000,4,,,/default.png
502,,thuong,0923040597,600000,4,,,/default.png
501,,thuong,0923040593,600000,4,,,/default.png
500,,thuong,0923040589,600000,4,,,/default.png
499,,thuong,0923040586,600000,4,,,/default.png
498,,thuong,0923040583,600000,4,,,/default.png
497,,thuong,0923040499,600000,4,,,/default.png
496,,thuong,0923040503,600000,4,,,/default.png
495,,thuong,0929050004,600000,4,,,/default.png
494,,thuong,0929050705,600000,4,,,/default.png
493,,thuong,0929050502,600000,4,,,/default.png
492,,thuong,0929050503,600000,4,,,/default.png
491,,thuong,0929050605,600000,4,,,/default.png
490,,thuong,0929050105,600000,4,,,/default.png
489,,thuong,0929050609,600000,4,,,/default.png
488,,thuong,0929050509,600000,4,,,/default.png
487,,thuong,0929050507,600000,4,,,/default.png
486,,thuong,0929050205,600000,4,,,/default.png
485,,thuong,0929050305,600000,4,,,/default.png
484,,thuong,0929050508,600000,4,,,/default.png
483,,thuong,0923040705,600000,4,,,/default.png
482,,thuong,0923040702,600000,4,,,/default.png
481,,thuong,0923040701,600000,4,,,/default.png
480,,thuong,0923040703,600000,4,,,/default.png
479,,thuong,0923040604,600000,4,,,/default.png
478,,thuong,0929050550,600000,4,,,/default.png
477,,thuong,0929050500,600000,4,,,/default.png
476,,thuong,0929050005,600000,4,,,/default.png
475,,thuong,0929050007,600000,4,,,/default.png
474,,thuong,0929050001,600000,4,,,/default.png
473,,thuong,0929050002,600000,4,,,/default.png
472,,thuong,0929050003,600000,4,,,/default.png
471,,thuong,0929050006,600000,4,,,/default.png
470,,thuong,0586220875,600000,4,,,/default.png
469,,thuong,0927160981,600000,4,,,/default.png
468,,thuong,0927160982,600000,4,,,/default.png
467,,thuong,0924631975,600000,4,,,/default.png
466,,thuong,0922111982,500000,4,,,/default.png
465,,thuong,0922235777,500000,4,,,/default.png
464,,thuong,0923989823,500000,4,,,/default.png
463,,thuong,0923989893,500000,4,,,/default.png
462,,thuong,0925176879,500000,4,,,/default.png
461,,thuong,0923989892,500000,4,,,/default.png
460,,thuong,0925661994,500000,4,,,/default.png
459,,thuong,0708020705,500000,2,,,/default.png
458,,thuong,0708010391,500000,2,,,/default.png
457,,thuong,0906678286,500000,2,,,/default.png
456,,thuong,0708050109,500000,2,,,/default.png
455,,thuong,0708170997,500000,2,,,/default.png
454,,thuong,0708030291,500000,2,,,/default.png
453,,thuong,0905322013,500000,2,,,/default.png
452,,thuong,0787893777,600000,2,,,/default.png
451,,thuong,0899231297,600000,2,,,/default.png
450,,thuong,0776433567,700000,2,,,/default.png
449,,thuong,0777541996,800000,2,,,/default.png
448,,thuong,0935150382,800000,2,,,/default.png
447,,thuong,0787501333,800000,2,,,/default.png
446,,thuong,0762535356,800000,2,,,/default.png
445,,thuong,0708010503,800000,2,,,/default.png
444,,thuong,0905050393,800000,2,,,/default.png
443,,thuong,0708170200,800000,2,,,/default.png
442,,thuong,0708180200,800000,2,,,/default.png
441,,thuong,0787708889,800000,2,,,/default.png
440,,thuong,0708100698,800000,2,,,/default.png
439,,thuong,0708140598,800000,2,,,/default.png
438,,thuong,0708140698,800000,2,,,/default.png
437,,thuong,0799339186,800000,2,,,/default.png
436,,thuong,0708168439,800000,2,,,/default.png
435,,thuong,0708186239,800000,2,,,/default.png
434,,thuong,0789416866,800000,2,,,/default.png
433,,thuong,0708030698,800000,2,,,/default.png
432,,thuong,0708020598,800000,2,,,/default.png
431,,thuong,0775535551,800000,2,,,/default.png
430,,thuong,0796747772,800000,2,,,/default.png
429,,thuong,0775535554,800000,2,,,/default.png
428,,thuong,0775585551,800000,2,,,/default.png
427,,thuong,0775595554,800000,2,,,/default.png
426,,thuong,0795505551,800000,2,,,/default.png
425,,thuong,0702707775,800000,2,,,/default.png
424,,thuong,0763747775,800000,2,,,/default.png
423,,thuong,0766707775,800000,2,,,/default.png
422,,thuong,0702747772,800000,2,,,/default.png
421,,thuong,0763797770,800000,2,,,/default.png
420,,thuong,0762787772,800000,2,,,/default.png
419,,thuong,0763747772,800000,2,,,/default.png
418,,thuong,0766757772,800000,2,,,/default.png
417,,thuong,0702787773,800000,2,,,/default.png
416,,thuong,0702797773,800000,2,,,/default.png
415,,thuong,0763787773,800000,2,,,/default.png
414,,thuong,0766797773,800000,2,,,/default.png
413,,thuong,0795707771,800000,2,,,/default.png
412,,thuong,0795727771,800000,2,,,/default.png
411,,thuong,0762787771,800000,2,,,/default.png
410,,thuong,0702757771,800000,2,,,/default.png
409,,thuong,0763737771,800000,2,,,/default.png
408,,thuong,0795767771,800000,2,,,/default.png
407,,thuong,0795767775,800000,2,,,/default.png
406,,thuong,0795747772,800000,2,,,/default.png
405,,thuong,0795747775,800000,2,,,/default.png
404,,thuong,0795717774,800000,2,,,/default.png
403,,thuong,0795717773,800000,2,,,/default.png
402,,thuong,0795737775,800000,2,,,/default.png
401,,thuong,0795727775,800000,2,,,/default.png
400,,thuong,0796727771,800000,2,,,/default.png
399,,thuong,0795747771,800000,2,,,/default.png
398,,thuong,0766707773,800000,2,,,/default.png
397,,thuong,0766707771,800000,2,,,/default.png
396,,thuong,0763797775,800000,2,,,/default.png
395,,thuong,0766747772,800000,2,,,/default.png
394,,thuong,0766727775,800000,2,,,/default.png
393,,thuong,0766727773,800000,2,,,/default.png
392,,thuong,0766727771,800000,2,,,/default.png
391,,thuong,0766717775,800000,2,,,/default.png
390,,thuong,0796737775,800000,2,,,/default.png
389,,thuong,0763767772,800000,2,,,/default.png
388,,thuong,0762707772,800000,2,,,/default.png
387,,thuong,0702757772,800000,2,,,/default.png
386,,thuong,0795787773,800000,2,,,/default.png
385,,thuong,0795787771,800000,2,,,/default.png
384,,thuong,0796707773,800000,2,,,/default.png
383,,thuong,0795787775,800000,2,,,/default.png
382,,thuong,0777990456,800000,2,,,/default.png
381,,thuong,0777991345,800000,2,,,/default.png
380,,thuong,0777995234,800000,2,,,/default.png
379,,thuong,0777992234,800000,2,,,/default.png
378,,thuong,0702442001,800000,2,,,/default.png
377,,thuong,0789811678,800000,2,,,/default.png
376,,thuong,0708140998,800000,2,,,/default.png
375,,thuong,0708040998,800000,2,,,/default.png
374,,thuong,0708050900,800000,2,,,/default.png
373,,thuong,0708051292,800000,2,,,/default.png
372,,thuong,0708110998,800000,2,,,/default.png
371,,thuong,0708150292,800000,2,,,/default.png
370,,thuong,0708161292,800000,2,,,/default.png
369,,thuong,0708020900,800000,2,,,/default.png
368,,thuong,0708061292,800000,2,,,/default.png
367,,thuong,0708011292,800000,2,,,/default.png
366,,thuong,0708020705,800000,2,,,/default.png
365,,thuong,0708100994,800000,2,,,/default.png
364,,thuong,0708130994,800000,2,,,/default.png
363,,thuong,0708160994,800000,2,,,/default.png
362,,thuong,0766770102,800000,2,,,/default.png
361,,thuong,0708040102,800000,2,,,/default.png
360,,thuong,0708190102,800000,2,,,/default.png
359,,thuong,0708070300,800000,2,,,/default.png
358,,thuong,0708060604,800000,2,,,/default.png
357,,thuong,0708040300,800000,2,,,/default.png
356,,thuong,0708010300,800000,2,,,/default.png
355,,thuong,0708060205,800000,2,,,/default.png
354,,thuong,0708070205,800000,2,,,/default.png
353,,thuong,0708050104,800000,2,,,/default.png
352,,thuong,0708030104,800000,2,,,/default.png
351,,thuong,0708070104,800000,2,,,/default.png
350,,thuong,0708010200,800000,2,,,/default.png
349,,thuong,0708000905,850000,2,,,/default.png
348,,thuong,0708020905,850000,2,,,/default.png
347,,thuong,0708123448,900000,2,,,/default.png
346,,thuong,0708050904,900000,2,,,/default.png
345,,thuong,0708030904,900000,2,,,/default.png
344,,thuong,0708030102,900000,2,,,/default.png
343,,thuong,0708020604,900000,2,,,/default.png
342,,thuong,0708090184,900000,2,,,/default.png
341,,thuong,0708090381,900000,2,,,/default.png
340,,thuong,0708090384,900000,2,,,/default.png
339,,thuong,0708090312,900000,2,,,/default.png
338,,thuong,0708090160,900000,2,,,/default.png
337,,thuong,0766789398,900000,2,,,/default.png
336,,thuong,0766789381,900000,2,,,/default.png
335,,thuong,0702783886,900000,2,,,/default.png
334,,thuong,0774579886,900000,2,,,/default.png
333,,thuong,0708160393,900000,2,,,/default.png
332,,thuong,0708120393,900000,2,,,/default.png
331,,thuong,0708170393,900000,2,,,/default.png
330,,thuong,0708160494,900000,2,,,/default.png
329,,thuong,0708020398,900000,2,,,/default.png
328,,thuong,0708090180,900000,2,,,/default.png
327,,thuong,0708020401,900000,2,,,/default.png
326,,thuong,0708020903,900000,2,,,/default.png
325,,thuong,0708020901,900000,2,,,/default.png
324,,thuong,0708030701,900000,2,,,/default.png
323,,thuong,0708030602,900000,2,,,/default.png
322,,thuong,0708040601,900000,2,,,/default.png
321,,thuong,0708040701,900000,2,,,/default.png
320,,thuong,0708040700,900000,2,,,/default.png
319,,thuong,0708040800,900000,2,,,/default.png
318,,thuong,0708040902,900000,2,,,/default.png
317,,thuong,0702442002,900000,2,,,/default.png
316,,thuong,0702562002,900000,2,,,/default.png
315,,thuong,0702572002,900000,2,,,/default.png
314,,thuong,0702582002,900000,2,,,/default.png
313,,thuong,0702592002,900000,2,,,/default.png
312,,thuong,0702622002,900000,2,,,/default.png
311,,thuong,0702672002,900000,2,,,/default.png
310,,thuong,0702692002,900000,2,,,/default.png
309,,thuong,0702712002,900000,2,,,/default.png
308,,thuong,0702732002,900000,2,,,/default.png
307,,thuong,0702752002,900000,2,,,/default.png
306,,thuong,0702762002,900000,2,,,/default.png
305,,thuong,0702782002,900000,2,,,/default.png
304,,thuong,0705992002,900000,2,,,/default.png
303,,thuong,0708192002,900000,2,,,/default.png
302,,thuong,0702362001,900000,2,,,/default.png
301,,thuong,0702372002,900000,2,,,/default.png
300,,thuong,0702392001,900000,2,,,/default.png
299,,thuong,0702522001,900000,2,,,/default.png
298,,thuong,0702562001,900000,2,,,/default.png
297,,thuong,0702572001,900000,2,,,/default.png
296,,thuong,0702582001,900000,2,,,/default.png
295,,thuong,0702592001,900000,2,,,/default.png
294,,thuong,0702632001,900000,2,,,/default.png
293,,thuong,0702662001,900000,2,,,/default.png
292,,thuong,0702712001,900000,2,,,/default.png
291,,thuong,0702732001,900000,2,,,/default.png
290,,thuong,0702752001,900000,2,,,/default.png
289,,thuong,0702772001,900000,2,,,/default.png
288,,thuong,0702782001,900000,2,,,/default.png
287,,thuong,0705992001,900000,2,,,/default.png
286,,thuong,0708162001,900000,2,,,/default.png
285,,thuong,0708070491,900000,2,,,/default.png
284,,thuong,0708070391,900000,2,,,/default.png
283,,thuong,0708010391,900000,2,,,/default.png
282,,thuong,0708030291,900000,2,,,/default.png
281,,thuong,0708010291,900000,2,,,/default.png
280,,thuong,0708070297,900000,2,,,/default.png
279,,thuong,0708040297,900000,2,,,/default.png
278,,thuong,0708120297,900000,2,,,/default.png
277,,thuong,0708020494,900000,2,,,/default.png
276,,thuong,0708171292,900000,2,,,/default.png
275,,thuong,0777552272,900000,2,,,/default.png
274,,thuong,0708170292,900000,2,,,/default.png
273,,thuong,0708100797,900000,2,,,/default.png
272,,thuong,0708090280,900000,2,,,/default.png
271,,thuong,0708090281,900000,2,,,/default.png
270,,thuong,0762767889,900000,2,,,/default.png
269,,thuong,0766779178,900000,2,,,/default.png
268,,thuong,0766667721,900000,2,,,/default.png
267,,thuong,0766668821,900000,2,,,/default.png
266,,thuong,0766667758,900000,2,,,/default.png
265,,thuong,0766779980,900000,2,,,/default.png
264,,thuong,0766667716,900000,2,,,/default.png
263,,thuong,0766776692,900000,2,,,/default.png
262,,thuong,0766779958,900000,2,,,/default.png
261,,thuong,0766667731,900000,2,,,/default.png
260,,thuong,0766667715,900000,2,,,/default.png
259,,thuong,0766779962,900000,2,,,/default.png
258,,thuong,0766779965,900000,2,,,/default.png
257,,thuong,0708170991,900000,2,,,/default.png
256,,thuong,0708040991,900000,2,,,/default.png
255,,thuong,0708110997,900000,2,,,/default.png
254,,thuong,0708150998,900000,2,,,/default.png
253,,thuong,0708050998,900000,2,,,/default.png
252,,thuong,0702338986,900000,2,,,/default.png
251,,thuong,0702378389,900000,2,,,/default.png
250,,thuong,0762678389,900000,2,,,/default.png
249,,thuong,0766798389,900000,2,,,/default.png
248,,thuong,0708020503,900000,2,,,/default.png
247,,thuong,0708040503,900000,2,,,/default.png
246,,thuong,0708010994,900000,2,,,/default.png
245,,thuong,0708020997,900000,2,,,/default.png
244,,thuong,0708150992,900000,2,,,/default.png
243,,thuong,0708170992,900000,2,,,/default.png
242,,thuong,0702339186,900000,2,,,/default.png
241,,thuong,0708060200,900000,2,,,/default.png
240,,thuong,0708130898,900000,2,,,/default.png
239,,thuong,0708170797,900000,2,,,/default.png
238,,thuong,0708050292,900000,2,,,/default.png
237,,thuong,0708180192,900000,2,,,/default.png
236,,thuong,0766770899,900000,2,,,/default.png
235,,thuong,0708170997,900000,2,,,/default.png
234,,thuong,0708050991,900000,2,,,/default.png
233,,thuong,0766583878,900000,2,,,/default.png
232,,thuong,0763783738,900000,2,,,/default.png
231,,thuong,0705987655,900000,2,,,/default.png
230,,thuong,0779567882,900000,2,,,/default.png
229,,thuong,0788567882,900000,2,,,/default.png
228,,thuong,0775567882,900000,2,,,/default.png
227,,thuong,0775567880,900000,2,,,/default.png
226,,thuong,0799456772,900000,2,,,/default.png
225,,thuong,0799456773,900000,2,,,/default.png
224,,thuong,0702456772,900000,2,,,/default.png
223,,thuong,0708020107,900000,2,,,/default.png
222,,thuong,0708060409,900000,2,,,/default.png
221,,thuong,0708050409,900000,2,,,/default.png
220,,thuong,0766737393,900000,2,,,/default.png
219,,thuong,0796737383,900000,2,,,/default.png
218,,thuong,0788505053,900000,2,,,/default.png
217,,thuong,0799313135,900000,2,,,/default.png
216,,thuong,0795505053,900000,2,,,/default.png
215,,thuong,0795505056,900000,2,,,/default.png
214,,thuong,0787505060,900000,2,,,/default.png
213,,thuong,0796636373,900000,2,,,/default.png
212,,thuong,0795616191,900000,2,,,/default.png
211,,thuong,0787525282,900000,2,,,/default.png
210,,thuong,0795505080,900000,2,,,/default.png
209,,thuong,0796515181,900000,2,,,/default.png
208,,thuong,0787606070,900000,2,,,/default.png
207,,thuong,0775505080,900000,2,,,/default.png
206,,thuong,0768535383,900000,2,,,/default.png
205,,thuong,0768515181,900000,2,,,/default.png
204,,thuong,0768515171,900000,2,,,/default.png
203,,thuong,0763717191,900000,2,,,/default.png
202,,thuong,0763656585,900000,2,,,/default.png
201,,thuong,0763616181,900000,2,,,/default.png
200,,thuong,0763515181,900000,2,,,/default.png
199,,thuong,0788737383,900000,2,,,/default.png
198,,thuong,0787737393,900000,2,,,/default.png
197,,thuong,0766575787,900000,2,,,/default.png
196,,thuong,0795636373,900000,2,,,/default.png
195,,thuong,0762515171,900000,2,,,/default.png
194,,thuong,0762505080,900000,2,,,/default.png
193,,thuong,0762535393,900000,2,,,/default.png
192,,thuong,0762616171,900000,2,,,/default.png
191,,thuong,0763505070,900000,2,,,/default.png
190,,thuong,0766535373,900000,2,,,/default.png
189,,thuong,0795535356,900000,2,,,/default.png
188,,thuong,0762505053,900000,2,,,/default.png
187,,thuong,0787535357,900000,2,,,/default.png
186,,thuong,0702535356,900000,2,,,/default.png
185,,thuong,0702717173,900000,2,,,/default.png
184,,thuong,0702303036,900000,2,,,/default.png
183,,thuong,0787727292,900000,2,,,/default.png
182,,thuong,0787626292,900000,2,,,/default.png
181,,thuong,0702303033,900000,2,,,/default.png
180,,thuong,0775505053,900000,2,,,/default.png
179,,thuong,0702313136,900000,2,,,/default.png
178,,thuong,0779535373,900000,2,,,/default.png
177,,thuong,0789234587,900000,2,,,/default.png
176,,thuong,0789234583,900000,2,,,/default.png
175,,thuong,0905736116,900000,2,,,/default.png
174,,thuong,0934986268,900000,2,,,/default.png
173,,thuong,0934966268,900000,2,,,/default.png
172,,thuong,0901138228,900000,2,,,/default.png
171,,thuong,0789234580,900000,2,,,/default.png
170,,thuong,0899234735,900000,2,,,/default.png
169,,thuong,0899234736,900000,2,,,/default.png
168,,thuong,0899230737,900000,2,,,/default.png
167,,thuong,0899201778,900000,2,,,/default.png
166,,thuong,0899206778,900000,2,,,/default.png
165,,thuong,0899205778,900000,2,,,/default.png
164,,thuong,0899209778,900000,2,,,/default.png
163,,thuong,0899204778,900000,2,,,/default.png
162,,thuong,0899203778,900000,2,,,/default.png
161,,thuong,0899231737,900000,2,,,/default.png
160,,thuong,0899234737,900000,2,,,/default.png
159,,thuong,0899235737,900000,2,,,/default.png
158,,thuong,0899236737,900000,2,,,/default.png
157,,thuong,0899238737,900000,2,,,/default.png
156,,thuong,0789234594,900000,2,,,/default.png
155,,thuong,0797234561,1100000,2,,,/default.png
154,,thuong,0786345675,1100000,2,,,/default.png
153,,thuong,0786345673,1200000,2,,,/default.png
152,,thuong,0935312929,1200000,2,,,/default.png
151,,thuong,0935190810,1200000,2,,,/default.png
150,,thuong,0935190913,1200000,2,,,/default.png
149,,thuong,0934959958,1200000,2,,,/default.png
148,,thuong,0798345670,1200000,2,,,/default.png
147,,thuong,0933782008,1200000,2,,,/default.png
146,,thuong,0783234556,1200000,2,,,/default.png
145,,thuong,0932574404,1200000,2,,,/default.png
144,,thuong,0934974404,1200000,2,,,/default.png
143,,thuong,0935594404,1200000,2,,,/default.png
142,,thuong,0901141085,1200000,2,,,/default.png
141,,thuong,0901140985,1200000,2,,,/default.png
140,,thuong,0901130585,1200000,2,,,/default.png
139,,thuong,0901140585,1200000,2,,,/default.png
138,,thuong,0901120285,1200000,2,,,/default.png
137,,thuong,0901140285,1200000,2,,,/default.png
136,,thuong,0901140687,1200000,2,,,/default.png
135,,thuong,0901130187,1200000,2,,,/default.png
134,,thuong,0901120487,1200000,2,,,/default.png
133,,thuong,0901160387,1200000,2,,,/default.png
132,,thuong,0901120387,1200000,2,,,/default.png
131,,thuong,0901120488,1200000,2,,,/default.png
130,,thuong,0901120398,1200000,2,,,/default.png
129,,thuong,0901120998,1200000,2,,,/default.png
128,,thuong,0931120399,1200000,2,,,/default.png
127,,thuong,0934733378,1200000,2,,,/default.png
126,,thuong,0935061099,1200000,2,,,/default.png
125,,thuong,0708060109,1200000,2,,,/default.png
124,,thuong,0901124404,1200000,2,,,/default.png
123,,thuong,0708050109,1200000,2,,,/default.png
122,,thuong,0935555147,1200000,2,,,/default.png
121,,thuong,0899986286,1200000,2,,,/default.png
120,,thuong,0934901155,1200000,2,,,/default.png
119,,thuong,0708040109,1200000,2,,,/default.png
118,,thuong,0905912255,1200000,2,,,/default.png
117,,thuong,0905752244,1200000,2,,,/default.png
116,,thuong,0935529797,1200000,2,,,/default.png
115,,thuong,0708030109,1200000,2,,,/default.png
114,,thuong,0932415577,1200000,2,,,/default.png
113,,thuong,0899937447,1200000,2,,,/default.png
112,,thuong,0786345671,1200000,2,,,/default.png
111,,thuong,0708020109,1200000,2,,,/default.png
110,,thuong,0935268526,1200000,2,,,/default.png
109,,thuong,0906574679,1200000,2,,,/default.png
108,,thuong,0708030191,1200000,2,,,/default.png
107,,thuong,0708060191,1200000,2,,,/default.png
106,,thuong,0906051975,1200000,2,,,/default.png
105,,thuong,0933868887,1200000,2,,,/default.png
104,,thuong,0899938188,1200000,2,,,/default.png
103,,thuong,0935670456,1200000,2,,,/default.png
102,,thuong,0935533288,1200000,2,,,/default.png
101,,thuong,0935625362,1200000,2,,,/default.png
100,,thuong,0901163828,1200000,2,,,/default.png
99,,thuong,0898234012,1200000,2,,,/default.png
98,,thuong,0939270468,1200000,2,,,/default.png
97,,thuong,0899905386,1200000,2,,,/default.png
96,,thuong,0898221094,1200000,2,,,/default.png
95,,thuong,0938915686,1200000,2,,,/default.png
94,,thuong,0899938456,1200000,2,,,/default.png
93,,thuong,0934834866,1200000,2,,,/default.png
92,,thuong,0898160992,1200000,2,,,/default.png
91,,thuong,0707070853,1200000,2,,,/default.png
90,,thuong,0905218778,1200000,2,,,/default.png
89,,thuong,0931638778,1200000,2,,,/default.png
88,,thuong,0905298778,1200000,2,,,/default.png
87,,thuong,0899206787,1200000,2,,,/default.png
86,,thuong,0899939785,1200000,2,,,/default.png
85,,thuong,0899203787,1200000,2,,,/default.png
84,,thuong,0899207787,1200000,2,,,/default.png
83,,thuong,0898180393,1200000,2,,,/default.png
82,,thuong,0899204787,1200000,2,,,/default.png
81,,thuong,0899938080,1200000,2,,,/default.png
80,,thuong,0899939359,1200000,2,,,/default.png
79,,thuong,0931222002,1200000,2,,,/default.png
78,,thuong,0899937668,1200000,2,,,/default.png
77,,thuong,0931270378,1200000,2,,,/default.png
76,,thuong,0933071082,1200000,2,,,/default.png
75,,thuong,0899936299,1200000,2,,,/default.png
74,,thuong,0899936006,1200000,2,,,/default.png
73,,thuong,0899935859,1200000,2,,,/default.png
72,,thuong,0899939357,1200000,2,,,/default.png
71,,thuong,0899936556,1200000,2,,,/default.png
70,,thuong,0899935885,1200000,2,,,/default.png
69,,thuong,0899935879,1200000,2,,,/default.png
68,,thuong,0899939768,1200000,2,,,/default.png
67,,thuong,0899936226,1200000,2,,,/default.png
66,,thuong,0899936446,1200000,2,,,/default.png
65,,thuong,0899939489,1200000,2,,,/default.png
64,,thuong,0899201787,1200000,2,,,/default.png
63,,thuong,0899939309,1200000,2,,,/default.png
62,,thuong,0898030889,1200000,2,,,/default.png
61,,thuong,0899209787,1200000,2,,,/default.png
60,,thuong,0899205787,1200000,2,,,/default.png
59,,thuong,0899202787,1200000,2,,,/default.png
58,,thuong,0933250499,1200000,2,,,/default.png
57,,thuong,0899202788,1200000,2,,,/default.png
56,,thuong,0901234825,1200000,2,,,/default.png
55,,thuong,0931313433,1300000,2,,,/default.png
54,,thuong,0931303431,1300000,2,,,/default.png
53,,thuong,0931303432,1500000,2,,,/default.png
52,,thuong,0931303433,1500000,2,,,/default.png
51,,thuong,0931303430,1500000,2,,,/default.png
50,,thuong,0931303034,1500000,2,,,/default.png
49,,thuong,0931303343,1500000,2,,,/default.png
48,,thuong,0931313430,1500000,2,,,/default.png
47,,thuong,0931313432,1500000,2,,,/default.png
46,,thuong,0899936565,1500000,2,,,/default.png
45,,thuong,0899936464,1500000,2,,,/default.png
44,,thuong,0899939793,1500000,2,,,/default.png
43,,thuong,0899939298,1500000,2,,,/default.png
42,,thuong,0899939297,1500000,2,,,/default.png
41,,thuong,0899939296,1500000,2,,,/default.png
40,,thuong,0899939295,1500000,2,,,/default.png
39,,thuong,0899939456,1500000,2,,,/default.png
38,,thuong,0899936655,1500000,2,,,/default.png
37,,thuong,0899936644,1500000,2,,,/default.png
36,,thuong,0899936633,1500000,2,,,/default.png
35,,thuong,0899936622,1500000,2,,,/default.png
34,,thuong,0899089101,1500000,2,,,/default.png
33,,thuong,0934982991,1500000,2,,,/default.png
32,,thuong,0934736446,1500000,2,,,/default.png
31,,thuong,0899936611,1500000,2,,,/default.png
30,,thuong,0899200782,1500000,2,,,/default.png
29,,thuong,0899200781,1500000,2,,,/default.png
28,,thuong,0899200780,1500000,2,,,/default.png
27,,thuong,0899200778,1500000,2,,,/default.png
26,,thuong,0899202778,1500000,2,,,/default.png
25,,thuong,0899207778,1500000,2,,,/default.png
24,,thuong,0899207776,1500000,2,,,/default.png
23,,thuong,0899232737,1500000,2,,,/default.png
22,,thuong,0899936600,1500000,2,,,/default.png
21,,thuong,0935456196,1500000,2,,,/default.png
20,,thuong,0901150601,1500000,2,,,/default.png
19,,thuong,0899939593,1500000,2,,,/default.png
18,,thuong,0899935995,1500000,2,,,/default.png
17,,thuong,0899936099,1500000,2,,,/default.png
16,,thuong,0899936199,1500000,2,,,/default.png
15,,thuong,0899939486,2500000,2,,,/default.png
14,,thuong,0702695695,3500000,2,,,/default.png
13,,thuong,0706144499,3500000,2,,,/default.png
12,,thuong,0706146886,3500000,2,,,/default.png
11,,thuong,0706146688,3500000,2,,,/default.png
10,,thuong,0772553311,3500000,2,,,/default.png
9,,thuong,0772553366,3500000,2,,,/default.png
8,,thuong,0702634634,3500000,2,,,/default.png
7,,thuong,0784848789,3500000,2,,,/default.png
6,,thuong,0899897889,4000000,2,,,/default.png
5,,thuong,0702630246,4000000,2,,,/default.png
4,,thuong,0772552468,4000000,2,,,/default.png
3,2,thuong,0793032777,4500000,2,3,,/default.png
2,4,vip,0769021777,5000000,2,5,,/default.png
1,4,vip,0766699789,28000000,2,5,,/default.png
